"HITId","HITTypeId","Title","Description","Keywords","Reward","CreationTime","MaxAssignments","RequesterAnnotation","AssignmentDurationInSeconds","AutoApprovalDelayInSeconds","Expiration","NumberOfSimilarHITs","LifetimeInSeconds","AssignmentId","WorkerId","AssignmentStatus","AcceptTime","SubmitTime","AutoApprovalTime","ApprovalTime","RejectionTime","RequesterFeedback","WorkTimeInSeconds","LifetimeApprovalRate","Last30DaysApprovalRate","Last7DaysApprovalRate","Input.URL","Input.KEY","Input.OBJECT","Input.ATTRIBUTE_Machine","Input.ATTRIBUTE_Worker","Input.Relations","Answer.annotation_data","Answer.label","Approve","Reject"
"389A2A304O7LGV545HVHENWV5JSC03","3W8SY8LL7VH56AUEMQUBF07BKZ88K5","Drawing Bounding Box and Finding Relations Between Objects","Drawing bounding box and finding relations between objects in images","bounding box, attribute, relation","$0.03","Tue Apr 10 08:33:28 PDT 2018","1","BatchId:3187975;OriginalHitTemplateId:920937336;","3600","604800","Fri Apr 20 08:33:28 PDT 2018","","","3VP0C6EFSHLWPC03AXAEE36M3NAM62","A2MPA5OAT635HG","Submitted","Wed Apr 11 02:03:52 PDT 2018","Wed Apr 11 02:04:30 PDT 2018","Wed Apr 18 02:04:30 PDT 2018","","","","38","0% (0/0)","0% (0/0)","0% (0/0)","https://s3.us-east-2.amazonaws.com/dpm-labeling-project/V14/14_00900.jpg","""excavator""","""excavator"", ""truck""","""non-active"", ""driving"", ""transporting"", ""digging"", ""scraping"", ""pushing"", ""holding w/ chain"", ""drilling"", ""pouring"", ""tearing down"", ""swinging"", ""standing by""","""standing"", ""sitting"", ""walking"", ""bending"", ""leaning"", ""squatting"", ""climbing""","""not working with"", ""guided by"", ""adjusted by"", ""filling""","{""0"":{""left"":113,""top"":0,""width"":377,""height"":188,""label"":""excavator"",""label2"":""transporting"",""id"":0},""1"":{""left"":360,""top"":123,""width"":280,""height"":132,""label"":""truck"",""label2"":""non-active"",""id"":1},""relationships"":{}}","||"
"335VBRURDJPI9NDV14K5XMXRTZZ9E5","3W8SY8LL7VH56AUEMQUBF07BKZ88K5","Drawing Bounding Box and Finding Relations Between Objects","Drawing bounding box and finding relations between objects in images","bounding box, attribute, relation","$0.03","Tue Apr 10 08:33:28 PDT 2018","1","BatchId:3187975;OriginalHitTemplateId:920937336;","3600","604800","Fri Apr 20 08:33:28 PDT 2018","","","3U088ZLJVLIXGD82CA0KE0YMOJLW0F","A3QZMGTVA4VO44","Submitted","Tue Apr 10 09:06:15 PDT 2018","Tue Apr 10 09:07:27 PDT 2018","Tue Apr 17 09:07:27 PDT 2018","","","","72","100% (1/1)","100% (1/1)","100% (1/1)","https://s3.us-east-2.amazonaws.com/dpm-labeling-project/V14/14_00970.jpg","""excavator""","""excavator"", ""truck""","""non-active"", ""driving"", ""transporting"", ""digging"", ""scraping"", ""pushing"", ""holding w/ chain"", ""drilling"", ""pouring"", ""tearing down"", ""swinging"", ""standing by""","""standing"", ""sitting"", ""walking"", ""bending"", ""leaning"", ""squatting"", ""climbing""","""not working with"", ""guided by"", ""adjusted by"", ""filling""","{""0"":{""left"":119,""top"":16,""width"":404,""height"":163,""label"":""excavator"",""label2"":""pouring"",""id"":0},""1"":{""left"":358,""top"":115,""width"":282,""height"":130,""label"":""truck"",""label2"":""standing by"",""id"":1},""relationships"":{""0"":{""1"":""filling""}}}","||filling"
"3KI0JD2ZU17AIPWNGP3N72E8HBN766","3W8SY8LL7VH56AUEMQUBF07BKZ88K5","Drawing Bounding Box and Finding Relations Between Objects","Drawing bounding box and finding relations between objects in images","bounding box, attribute, relation","$0.03","Tue Apr 10 08:33:28 PDT 2018","1","BatchId:3187975;OriginalHitTemplateId:920937336;","3600","604800","Fri Apr 20 08:33:28 PDT 2018","","","3R2UR8A0IB5X8U5BO0YH6K8BVR9XO7","A1IOMFFEKCWOIT","Submitted","Tue Apr 10 21:47:25 PDT 2018","Tue Apr 10 21:49:25 PDT 2018","Tue Apr 17 21:49:25 PDT 2018","","","","120","100% (12/12)","100% (12/12)","100% (12/12)","https://s3.us-east-2.amazonaws.com/dpm-labeling-project/V14/14_00980.jpg","""excavator""","""excavator"", ""truck""","""non-active"", ""driving"", ""transporting"", ""digging"", ""scraping"", ""pushing"", ""holding w/ chain"", ""drilling"", ""pouring"", ""tearing down"", ""swinging"", ""standing by""","""standing"", ""sitting"", ""walking"", ""bending"", ""leaning"", ""squatting"", ""climbing""","""not working with"", ""guided by"", ""adjusted by"", ""filling""","{""0"":{""left"":95,""top"":22,""width"":458,""height"":153,""label"":""excavator"",""label2"":""digging"",""id"":0},""1"":{""left"":362,""top"":92,""width"":278,""height"":168,""label"":""truck"",""label2"":""non-active"",""id"":1},""relationships"":{}}","||"
"3L1EFR8WWTUAF1DRWF4BF4IR50E9FN","3W8SY8LL7VH56AUEMQUBF07BKZ88K5","Drawing Bounding Box and Finding Relations Between Objects","Drawing bounding box and finding relations between objects in images","bounding box, attribute, relation","$0.03","Tue Apr 10 08:33:28 PDT 2018","1","BatchId:3187975;OriginalHitTemplateId:920937336;","3600","604800","Fri Apr 20 08:33:28 PDT 2018","","","3IXEICO7938027QNJUBQ0H1EXVS6T9","A1IOMFFEKCWOIT","Submitted","Tue Apr 10 21:38:27 PDT 2018","Tue Apr 10 21:39:55 PDT 2018","Tue Apr 17 21:39:55 PDT 2018","","","","88","100% (12/12)","100% (12/12)","100% (12/12)","https://s3.us-east-2.amazonaws.com/dpm-labeling-project/V14/14_01000.jpg","""excavator""","""excavator"", ""truck""","""non-active"", ""driving"", ""transporting"", ""digging"", ""scraping"", ""pushing"", ""holding w/ chain"", ""drilling"", ""pouring"", ""tearing down"", ""swinging"", ""standing by""","""standing"", ""sitting"", ""walking"", ""bending"", ""leaning"", ""squatting"", ""climbing""","""not working with"", ""guided by"", ""adjusted by"", ""filling""","{""0"":{""left"":80,""top"":17,""width"":447,""height"":166,""label"":""excavator"",""label2"":""digging"",""id"":0},""1"":{""left"":362,""top"":98,""width"":278,""height"":139,""label"":""truck"",""label2"":""non-active"",""id"":1},""relationships"":{}}","||"
"37VUR2VJ6AELNKQM10ZHSSF5ABYC16","3W8SY8LL7VH56AUEMQUBF07BKZ88K5","Drawing Bounding Box and Finding Relations Between Objects","Drawing bounding box and finding relations between objects in images","bounding box, attribute, relation","$0.03","Tue Apr 10 08:33:28 PDT 2018","1","BatchId:3187975;OriginalHitTemplateId:920937336;","3600","604800","Fri Apr 20 08:33:28 PDT 2018","","","3DOCMVPBTO3AEFRVLFBVTTH8335NN9","A2MPA5OAT635HG","Submitted","Wed Apr 11 00:01:43 PDT 2018","Wed Apr 11 00:02:19 PDT 2018","Wed Apr 18 00:02:19 PDT 2018","","","","36","0% (0/0)","0% (0/0)","0% (0/0)","https://s3.us-east-2.amazonaws.com/dpm-labeling-project/V14/14_01070.jpg","""excavator""","""excavator"", ""truck""","""non-active"", ""driving"", ""transporting"", ""digging"", ""scraping"", ""pushing"", ""holding w/ chain"", ""drilling"", ""pouring"", ""tearing down"", ""swinging"", ""standing by""","""standing"", ""sitting"", ""walking"", ""bending"", ""leaning"", ""squatting"", ""climbing""","""not working with"", ""guided by"", ""adjusted by"", ""filling""","{""0"":{""left"":109,""top"":1,""width"":377,""height"":236,""label"":""excavator"",""label2"":""digging"",""id"":0},""1"":{""left"":374,""top"":108,""width"":266,""height"":154,""label"":""truck"",""label2"":""non-active"",""id"":1},""relationships"":{}}","||"
"3DWGDA5POFTHMTWMSHUMIK3UVIE1VU","3W8SY8LL7VH56AUEMQUBF07BKZ88K5","Drawing Bounding Box and Finding Relations Between Objects","Drawing bounding box and finding relations between objects in images","bounding box, attribute, relation","$0.03","Tue Apr 10 08:33:28 PDT 2018","1","BatchId:3187975;OriginalHitTemplateId:920937336;","3600","604800","Fri Apr 20 08:33:28 PDT 2018","","","3OVHNO1VE7QV9SE1Z98MSBCNZAIDZZ","A3QZMGTVA4VO44","Submitted","Tue Apr 10 10:23:08 PDT 2018","Tue Apr 10 10:24:18 PDT 2018","Tue Apr 17 10:24:18 PDT 2018","","","","70","100% (1/1)","100% (1/1)","100% (1/1)","https://s3.us-east-2.amazonaws.com/dpm-labeling-project/V14/14_01080.jpg","""excavator""","""excavator"", ""truck""","""non-active"", ""driving"", ""transporting"", ""digging"", ""scraping"", ""pushing"", ""holding w/ chain"", ""drilling"", ""pouring"", ""tearing down"", ""swinging"", ""standing by""","""standing"", ""sitting"", ""walking"", ""bending"", ""leaning"", ""squatting"", ""climbing""","""not working with"", ""guided by"", ""adjusted by"", ""filling""","{""0"":{""left"":355,""top"":116,""width"":285,""height"":136,""label"":""truck"",""label2"":""standing by"",""id"":0},""1"":{""left"":111,""top"":2,""width"":349,""height"":247,""label"":""excavator"",""label2"":""digging"",""id"":1},""relationships"":{""0"":{""1"":""not working with""}}}","||not working with"
"301KG0KX9CAJTDJY6WDW82MQF9HH21","3W8SY8LL7VH56AUEMQUBF07BKZ88K5","Drawing Bounding Box and Finding Relations Between Objects","Drawing bounding box and finding relations between objects in images","bounding box, attribute, relation","$0.03","Tue Apr 10 08:33:28 PDT 2018","1","BatchId:3187975;OriginalHitTemplateId:920937336;","3600","604800","Fri Apr 20 08:33:28 PDT 2018","","","3WSELTNVR4R1P92Q97S2GM30TENAT8","A1IOMFFEKCWOIT","Submitted","Tue Apr 10 22:27:32 PDT 2018","Tue Apr 10 22:28:15 PDT 2018","Tue Apr 17 22:28:15 PDT 2018","","","","43","100% (12/12)","100% (12/12)","100% (12/12)","https://s3.us-east-2.amazonaws.com/dpm-labeling-project/V14/14_01090.jpg","""excavator""","""excavator"", ""truck""","""non-active"", ""driving"", ""transporting"", ""digging"", ""scraping"", ""pushing"", ""holding w/ chain"", ""drilling"", ""pouring"", ""tearing down"", ""swinging"", ""standing by""","""standing"", ""sitting"", ""walking"", ""bending"", ""leaning"", ""squatting"", ""climbing""","""not working with"", ""guided by"", ""adjusted by"", ""filling""","{""0"":{""left"":104,""top"":7,""width"":310,""height"":219,""label"":""excavator"",""label2"":""digging"",""id"":0},""1"":{""left"":367,""top"":100,""width"":243,""height"":155,""label"":""truck"",""label2"":""non-active"",""id"":1},""relationships"":{}}","||"
"33KMQD9OFJ3TMPASZZ8FDGE4CM7775","3W8SY8LL7VH56AUEMQUBF07BKZ88K5","Drawing Bounding Box and Finding Relations Between Objects","Drawing bounding box and finding relations between objects in images","bounding box, attribute, relation","$0.03","Tue Apr 10 08:33:28 PDT 2018","1","BatchId:3187975;OriginalHitTemplateId:920937336;","3600","604800","Fri Apr 20 08:33:28 PDT 2018","","","33JKGHPFYDJ4WX6V9EWVGES8YDLMNY","A1IOMFFEKCWOIT","Submitted","Tue Apr 10 21:57:55 PDT 2018","Tue Apr 10 22:02:21 PDT 2018","Tue Apr 17 22:02:21 PDT 2018","","","","266","100% (12/12)","100% (12/12)","100% (12/12)","https://s3.us-east-2.amazonaws.com/dpm-labeling-project/V14/14_01100.jpg","""excavator""","""excavator"", ""truck""","""non-active"", ""driving"", ""transporting"", ""digging"", ""scraping"", ""pushing"", ""holding w/ chain"", ""drilling"", ""pouring"", ""tearing down"", ""swinging"", ""standing by""","""standing"", ""sitting"", ""walking"", ""bending"", ""leaning"", ""squatting"", ""climbing""","""not working with"", ""guided by"", ""adjusted by"", ""filling""","{""0"":{""left"":81,""top"":5,""width"":356,""height"":251,""label"":""excavator"",""label2"":""digging"",""id"":0},""1"":{""left"":376,""top"":102,""width"":263,""height"":177,""label"":""truck"",""label2"":""non-active"",""id"":1},""relationships"":{}}","||"
"35XW21VSVG3EK8JMRW70RCS1UKPLSF","3W8SY8LL7VH56AUEMQUBF07BKZ88K5","Drawing Bounding Box and Finding Relations Between Objects","Drawing bounding box and finding relations between objects in images","bounding box, attribute, relation","$0.03","Tue Apr 10 08:33:28 PDT 2018","1","BatchId:3187975;OriginalHitTemplateId:920937336;","3600","604800","Fri Apr 20 08:33:28 PDT 2018","","","3H0W84IWBLRRZ76ALNPTCQS9Q8IRE1","A1IOMFFEKCWOIT","Submitted","Tue Apr 10 21:39:53 PDT 2018","Tue Apr 10 21:40:33 PDT 2018","Tue Apr 17 21:40:33 PDT 2018","","","","40","100% (12/12)","100% (12/12)","100% (12/12)","https://s3.us-east-2.amazonaws.com/dpm-labeling-project/V14/14_01160.jpg","""excavator""","""excavator"", ""truck""","""non-active"", ""driving"", ""transporting"", ""digging"", ""scraping"", ""pushing"", ""holding w/ chain"", ""drilling"", ""pouring"", ""tearing down"", ""swinging"", ""standing by""","""standing"", ""sitting"", ""walking"", ""bending"", ""leaning"", ""squatting"", ""climbing""","""not working with"", ""guided by"", ""adjusted by"", ""filling""","{""0"":{""left"":127,""top"":16,""width"":295,""height"":211,""label"":""excavator"",""label2"":""digging"",""id"":0},""1"":{""left"":372,""top"":109,""width"":268,""height"":142,""label"":""truck"",""label2"":""non-active"",""id"":1},""relationships"":{}}","||"
"356TQKY9XFMXM3FB940LRGAZN6D78S","3W8SY8LL7VH56AUEMQUBF07BKZ88K5","Drawing Bounding Box and Finding Relations Between Objects","Drawing bounding box and finding relations between objects in images","bounding box, attribute, relation","$0.03","Tue Apr 10 08:33:28 PDT 2018","1","BatchId:3187975;OriginalHitTemplateId:920937336;","3600","604800","Fri Apr 20 08:33:28 PDT 2018","","","3A1PQ49WVI6FQCYVDUIKR279EQGH1B","A1IOMFFEKCWOIT","Submitted","Tue Apr 10 21:34:50 PDT 2018","Tue Apr 10 21:36:02 PDT 2018","Tue Apr 17 21:36:02 PDT 2018","","","","72","100% (12/12)","100% (12/12)","100% (12/12)","https://s3.us-east-2.amazonaws.com/dpm-labeling-project/V14/14_01280.jpg","""excavator""","""excavator"", ""truck""","""non-active"", ""driving"", ""transporting"", ""digging"", ""scraping"", ""pushing"", ""holding w/ chain"", ""drilling"", ""pouring"", ""tearing down"", ""swinging"", ""standing by""","""standing"", ""sitting"", ""walking"", ""bending"", ""leaning"", ""squatting"", ""climbing""","""not working with"", ""guided by"", ""adjusted by"", ""filling""","{""0"":{""left"":88,""top"":9,""width"":278,""height"":173,""label"":""excavator"",""label2"":""digging"",""id"":0},""1"":{""left"":379,""top"":109,""width"":261,""height"":148,""label"":""truck"",""label2"":""non-active"",""id"":1},""relationships"":{}}","||"
"3HKIF5DF6YMGT19M7ZATXPI36FE9GM","3W8SY8LL7VH56AUEMQUBF07BKZ88K5","Drawing Bounding Box and Finding Relations Between Objects","Drawing bounding box and finding relations between objects in images","bounding box, attribute, relation","$0.03","Tue Apr 10 08:33:28 PDT 2018","1","BatchId:3187975;OriginalHitTemplateId:920937336;","3600","604800","Fri Apr 20 08:33:28 PDT 2018","","","3AMW0RGHOERAH0381UONXIM33I1NP0","A1A41ASXCSFKDX","Submitted","Tue Apr 10 22:41:00 PDT 2018","Tue Apr 10 22:43:25 PDT 2018","Tue Apr 17 22:43:25 PDT 2018","","","","145","0% (0/0)","0% (0/0)","0% (0/0)","https://s3.us-east-2.amazonaws.com/dpm-labeling-project/V14/14_01310.jpg","""excavator""","""excavator"", ""truck""","""non-active"", ""driving"", ""transporting"", ""digging"", ""scraping"", ""pushing"", ""holding w/ chain"", ""drilling"", ""pouring"", ""tearing down"", ""swinging"", ""standing by""","""standing"", ""sitting"", ""walking"", ""bending"", ""leaning"", ""squatting"", ""climbing""","""not working with"", ""guided by"", ""adjusted by"", ""filling""","{""0"":{""left"":101,""top"":5,""width"":403,""height"":174,""label"":""excavator"",""label2"":""pouring"",""id"":0},""1"":{""left"":357,""top"":130,""width"":283,""height"":108,""label"":""truck"",""label2"":""standing by"",""id"":1},""relationships"":{}}","||"
"38RHULDV9Y451OSPQYKOWL3UJTRIWD","3W8SY8LL7VH56AUEMQUBF07BKZ88K5","Drawing Bounding Box and Finding Relations Between Objects","Drawing bounding box and finding relations between objects in images","bounding box, attribute, relation","$0.03","Tue Apr 10 08:33:28 PDT 2018","1","BatchId:3187975;OriginalHitTemplateId:920937336;","3600","604800","Fri Apr 20 08:33:28 PDT 2018","","","3JRJSWSMQIAZG5L8AXOXUSPTKR4E3G","A1IOMFFEKCWOIT","Submitted","Tue Apr 10 09:32:28 PDT 2018","Tue Apr 10 09:33:12 PDT 2018","Tue Apr 17 09:33:12 PDT 2018","","","","44","100% (12/12)","100% (12/12)","100% (12/12)","https://s3.us-east-2.amazonaws.com/dpm-labeling-project/V14/14_01330.jpg","""excavator""","""excavator"", ""truck""","""non-active"", ""driving"", ""transporting"", ""digging"", ""scraping"", ""pushing"", ""holding w/ chain"", ""drilling"", ""pouring"", ""tearing down"", ""swinging"", ""standing by""","""standing"", ""sitting"", ""walking"", ""bending"", ""leaning"", ""squatting"", ""climbing""","""not working with"", ""guided by"", ""adjusted by"", ""filling""","{""0"":{""left"":85,""top"":9,""width"":440,""height"":170,""label"":""excavator"",""label2"":""digging"",""id"":0},""1"":{""left"":370,""top"":126,""width"":270,""height"":132,""label"":""truck"",""label2"":""non-active"",""id"":1},""relationships"":{}}","||"
"3TFJJUELSHESC58IK4ZVXBPA2HCC2N","3W8SY8LL7VH56AUEMQUBF07BKZ88K5","Drawing Bounding Box and Finding Relations Between Objects","Drawing bounding box and finding relations between objects in images","bounding box, attribute, relation","$0.03","Tue Apr 10 08:33:28 PDT 2018","1","BatchId:3187975;OriginalHitTemplateId:920937336;","3600","604800","Fri Apr 20 08:33:28 PDT 2018","","","3TR2532VIQJ6O4UI70XMYBE5ZT26J5","A1IOMFFEKCWOIT","Submitted","Tue Apr 10 22:09:10 PDT 2018","Tue Apr 10 22:11:35 PDT 2018","Tue Apr 17 22:11:35 PDT 2018","","","","145","100% (12/12)","100% (12/12)","100% (12/12)","https://s3.us-east-2.amazonaws.com/dpm-labeling-project/V14/14_01380.jpg","""excavator""","""excavator"", ""truck""","""non-active"", ""driving"", ""transporting"", ""digging"", ""scraping"", ""pushing"", ""holding w/ chain"", ""drilling"", ""pouring"", ""tearing down"", ""swinging"", ""standing by""","""standing"", ""sitting"", ""walking"", ""bending"", ""leaning"", ""squatting"", ""climbing""","""not working with"", ""guided by"", ""adjusted by"", ""filling""","{""0"":{""left"":79,""top"":9,""width"":453,""height"":182,""label"":""excavator"",""label2"":""digging"",""id"":0},""1"":{""left"":380,""top"":97,""width"":260,""height"":163,""label"":""truck"",""label2"":""non-active"",""id"":1},""relationships"":{}}","||"
"3D4BBDG7ZHLHXN41O4D0GLU28VCC3Y","3W8SY8LL7VH56AUEMQUBF07BKZ88K5","Drawing Bounding Box and Finding Relations Between Objects","Drawing bounding box and finding relations between objects in images","bounding box, attribute, relation","$0.03","Tue Apr 10 08:33:28 PDT 2018","1","BatchId:3187975;OriginalHitTemplateId:920937336;","3600","604800","Fri Apr 20 08:33:28 PDT 2018","","","3RGU30DZTBX8D7FAUG43N7BRPTRMJ5","A1A41ASXCSFKDX","Submitted","Wed Apr 11 00:36:52 PDT 2018","Wed Apr 11 00:38:06 PDT 2018","Wed Apr 18 00:38:06 PDT 2018","","","","74","0% (0/0)","0% (0/0)","0% (0/0)","https://s3.us-east-2.amazonaws.com/dpm-labeling-project/V14/14_01390.jpg","""excavator""","""excavator"", ""truck""","""non-active"", ""driving"", ""transporting"", ""digging"", ""scraping"", ""pushing"", ""holding w/ chain"", ""drilling"", ""pouring"", ""tearing down"", ""swinging"", ""standing by""","""standing"", ""sitting"", ""walking"", ""bending"", ""leaning"", ""squatting"", ""climbing""","""not working with"", ""guided by"", ""adjusted by"", ""filling""","{""0"":{""left"":127,""top"":5,""width"":389,""height"":195,""label"":""excavator"",""label2"":""digging"",""id"":0},""1"":{""left"":369,""top"":93,""width"":140,""height"":92,""label"":""excavator"",""label2"":""standing by"",""id"":1},""relationships"":{}}","|"
"3OND0WXMHW4BOTVEZG8XA3VFCC7EH0","3W8SY8LL7VH56AUEMQUBF07BKZ88K5","Drawing Bounding Box and Finding Relations Between Objects","Drawing bounding box and finding relations between objects in images","bounding box, attribute, relation","$0.03","Tue Apr 10 08:33:28 PDT 2018","1","BatchId:3187975;OriginalHitTemplateId:920937336;","3600","604800","Fri Apr 20 08:33:28 PDT 2018","","","3ERMJ6L4DZHFTCE8T7F6KH6IYYFM7M","A1IOMFFEKCWOIT","Submitted","Tue Apr 10 21:31:18 PDT 2018","Tue Apr 10 21:33:33 PDT 2018","Tue Apr 17 21:33:33 PDT 2018","","","","135","100% (12/12)","100% (12/12)","100% (12/12)","https://s3.us-east-2.amazonaws.com/dpm-labeling-project/V14/14_01400.jpg","""excavator""","""excavator"", ""truck""","""non-active"", ""driving"", ""transporting"", ""digging"", ""scraping"", ""pushing"", ""holding w/ chain"", ""drilling"", ""pouring"", ""tearing down"", ""swinging"", ""standing by""","""standing"", ""sitting"", ""walking"", ""bending"", ""leaning"", ""squatting"", ""climbing""","""not working with"", ""guided by"", ""adjusted by"", ""filling""","{""0"":{""left"":366,""top"":114,""width"":267,""height"":158,""label"":""truck"",""label2"":""non-active"",""id"":0},""1"":{""left"":125,""top"":6,""width"":321,""height"":233,""label"":""excavator"",""label2"":""digging"",""id"":1},""relationships"":{}}","||"
"31S7M7DAGGFFZ8W1GWCQ1HONW33LT4","3W8SY8LL7VH56AUEMQUBF07BKZ88K5","Drawing Bounding Box and Finding Relations Between Objects","Drawing bounding box and finding relations between objects in images","bounding box, attribute, relation","$0.03","Tue Apr 10 08:33:28 PDT 2018","1","BatchId:3187975;OriginalHitTemplateId:920937336;","3600","604800","Fri Apr 20 08:33:28 PDT 2018","","","36DSNE9QZ6NWDA0M7WJGFB0WKT7JOI","A1A41ASXCSFKDX","Submitted","Wed Apr 11 01:04:30 PDT 2018","Wed Apr 11 01:06:26 PDT 2018","Wed Apr 18 01:06:26 PDT 2018","","","","116","0% (0/0)","0% (0/0)","0% (0/0)","https://s3.us-east-2.amazonaws.com/dpm-labeling-project/V14/14_01410.jpg","""excavator""","""excavator"", ""truck""","""non-active"", ""driving"", ""transporting"", ""digging"", ""scraping"", ""pushing"", ""holding w/ chain"", ""drilling"", ""pouring"", ""tearing down"", ""swinging"", ""standing by""","""standing"", ""sitting"", ""walking"", ""bending"", ""leaning"", ""squatting"", ""climbing""","""not working with"", ""guided by"", ""adjusted by"", ""filling""","{""0"":{""left"":374,""top"":118,""width"":263,""height"":138,""label"":""truck"",""label2"":""standing by"",""id"":0},""1"":{""left"":149,""top"":4,""width"":253,""height"":242,""label"":""excavator"",""label2"":""tearing down"",""id"":1},""relationships"":{}}","||"
"39I4RL8QGJ6TWRYLAAWK1HJOZNDH4X","3W8SY8LL7VH56AUEMQUBF07BKZ88K5","Drawing Bounding Box and Finding Relations Between Objects","Drawing bounding box and finding relations between objects in images","bounding box, attribute, relation","$0.03","Tue Apr 10 08:33:28 PDT 2018","1","BatchId:3187975;OriginalHitTemplateId:920937336;","3600","604800","Fri Apr 20 08:33:28 PDT 2018","","","37U1UTWH9WBAQ6WJ8K3TKGWNF1HR8R","A1D4I1QYL9713I","Submitted","Tue Apr 10 08:59:32 PDT 2018","Tue Apr 10 09:00:31 PDT 2018","Tue Apr 17 09:00:31 PDT 2018","","","","59","0% (0/0)","0% (0/0)","0% (0/0)","https://s3.us-east-2.amazonaws.com/dpm-labeling-project/V14/14_01420.jpg","""excavator""","""excavator"", ""truck""","""non-active"", ""driving"", ""transporting"", ""digging"", ""scraping"", ""pushing"", ""holding w/ chain"", ""drilling"", ""pouring"", ""tearing down"", ""swinging"", ""standing by""","""standing"", ""sitting"", ""walking"", ""bending"", ""leaning"", ""squatting"", ""climbing""","""not working with"", ""guided by"", ""adjusted by"", ""filling""","{""0"":{""left"":138,""top"":2,""width"":233,""height"":234,""label"":""excavator"",""label2"":""non-active"",""id"":0},""1"":{""left"":369,""top"":124,""width"":268,""height"":125,""label"":""truck"",""label2"":""non-active"",""id"":1},""relationships"":{}}","||"
"3X2YVV51PUTU1IWRIRZI4MM82RG1W4","3W8SY8LL7VH56AUEMQUBF07BKZ88K5","Drawing Bounding Box and Finding Relations Between Objects","Drawing bounding box and finding relations between objects in images","bounding box, attribute, relation","$0.03","Tue Apr 10 08:33:28 PDT 2018","1","BatchId:3187975;OriginalHitTemplateId:920937336;","3600","604800","Fri Apr 20 08:33:28 PDT 2018","","","3WZ36BJEV4568J7IFLSYBXN6BT3BTT","A1IOMFFEKCWOIT","Submitted","Tue Apr 10 09:26:30 PDT 2018","Tue Apr 10 09:27:11 PDT 2018","Tue Apr 17 09:27:11 PDT 2018","","","","41","100% (12/12)","100% (12/12)","100% (12/12)","https://s3.us-east-2.amazonaws.com/dpm-labeling-project/V14/14_01470.jpg","""excavator""","""excavator"", ""truck""","""non-active"", ""driving"", ""transporting"", ""digging"", ""scraping"", ""pushing"", ""holding w/ chain"", ""drilling"", ""pouring"", ""tearing down"", ""swinging"", ""standing by""","""standing"", ""sitting"", ""walking"", ""bending"", ""leaning"", ""squatting"", ""climbing""","""not working with"", ""guided by"", ""adjusted by"", ""filling""","{""0"":{""left"":124,""top"":2,""width"":240,""height"":231,""label"":""excavator"",""label2"":""digging"",""id"":0},""1"":{""left"":376,""top"":116,""width"":264,""height"":152,""label"":""truck"",""label2"":""non-active"",""id"":1},""relationships"":{}}","||"
"3E9ZFLPWOYHKQOXF03GAY4H1SVXIX6","3W8SY8LL7VH56AUEMQUBF07BKZ88K5","Drawing Bounding Box and Finding Relations Between Objects","Drawing bounding box and finding relations between objects in images","bounding box, attribute, relation","$0.03","Tue Apr 10 08:33:28 PDT 2018","1","BatchId:3187975;OriginalHitTemplateId:920937336;","3600","604800","Fri Apr 20 08:33:28 PDT 2018","","","3VP0C6EFSHLWPC03AXAEE36M3LF6MN","A1SPJHUHCFZ550","Submitted","Tue Apr 10 12:37:13 PDT 2018","Tue Apr 10 12:38:20 PDT 2018","Tue Apr 17 12:38:20 PDT 2018","","","","67","0% (0/0)","0% (0/0)","0% (0/0)","https://s3.us-east-2.amazonaws.com/dpm-labeling-project/V14/14_01610.jpg","""excavator""","""excavator"", ""truck""","""non-active"", ""driving"", ""transporting"", ""digging"", ""scraping"", ""pushing"", ""holding w/ chain"", ""drilling"", ""pouring"", ""tearing down"", ""swinging"", ""standing by""","""standing"", ""sitting"", ""walking"", ""bending"", ""leaning"", ""squatting"", ""climbing""","""not working with"", ""guided by"", ""adjusted by"", ""filling""","{""0"":{""left"":365,""top"":122,""width"":275,""height"":123,""label"":""truck"",""label2"":""holding w/ chain"",""id"":0},""1"":{""left"":100,""top"":7,""width"":395,""height"":174,""label"":""excavator"",""label2"":""scraping"",""id"":1},""relationships"":{}}","||"
"3WRKFXQBOBW9QTNP5Z2CHIOAU1RIYC","3W8SY8LL7VH56AUEMQUBF07BKZ88K5","Drawing Bounding Box and Finding Relations Between Objects","Drawing bounding box and finding relations between objects in images","bounding box, attribute, relation","$0.03","Tue Apr 10 08:33:28 PDT 2018","1","BatchId:3187975;OriginalHitTemplateId:920937336;","3600","604800","Fri Apr 20 08:33:28 PDT 2018","","","3T111IHZ5FFA4BFTDC97KCRYZ8K9RL","A3QZMGTVA4VO44","Submitted","Tue Apr 10 10:24:19 PDT 2018","Tue Apr 10 10:25:03 PDT 2018","Tue Apr 17 10:25:03 PDT 2018","","","","44","100% (1/1)","100% (1/1)","100% (1/1)","https://s3.us-east-2.amazonaws.com/dpm-labeling-project/V14/14_01630.jpg","""excavator""","""excavator"", ""truck""","""non-active"", ""driving"", ""transporting"", ""digging"", ""scraping"", ""pushing"", ""holding w/ chain"", ""drilling"", ""pouring"", ""tearing down"", ""swinging"", ""standing by""","""standing"", ""sitting"", ""walking"", ""bending"", ""leaning"", ""squatting"", ""climbing""","""not working with"", ""guided by"", ""adjusted by"", ""filling""","{""0"":{""left"":347,""top"":117,""width"":293,""height"":126,""label"":""truck"",""label2"":""standing by"",""id"":0},""1"":{""left"":110,""top"":11,""width"":403,""height"":167,""label"":""excavator"",""label2"":""pouring"",""id"":1},""relationships"":{""0"":{""1"":""filling""}}}","||filling"
"32W3UF2EZOA2FJN5OIIJQQM8MV8C4J","3W8SY8LL7VH56AUEMQUBF07BKZ88K5","Drawing Bounding Box and Finding Relations Between Objects","Drawing bounding box and finding relations between objects in images","bounding box, attribute, relation","$0.03","Tue Apr 10 08:33:28 PDT 2018","1","BatchId:3187975;OriginalHitTemplateId:920937336;","3600","604800","Fri Apr 20 08:33:28 PDT 2018","","","3II4UPYCOKWMV0DACDP91I0JUAUQDL","A2MPA5OAT635HG","Submitted","Wed Apr 11 02:13:32 PDT 2018","Wed Apr 11 02:16:35 PDT 2018","Wed Apr 18 02:16:35 PDT 2018","","","","183","0% (0/0)","0% (0/0)","0% (0/0)","https://s3.us-east-2.amazonaws.com/dpm-labeling-project/V14/14_01640.jpg","""excavator""","""excavator"", ""truck""","""non-active"", ""driving"", ""transporting"", ""digging"", ""scraping"", ""pushing"", ""holding w/ chain"", ""drilling"", ""pouring"", ""tearing down"", ""swinging"", ""standing by""","""standing"", ""sitting"", ""walking"", ""bending"", ""leaning"", ""squatting"", ""climbing""","""not working with"", ""guided by"", ""adjusted by"", ""filling""","{""0"":{""left"":100,""top"":8,""width"":429,""height"":175,""label"":""excavator"",""label2"":""pouring"",""id"":0},""1"":{""left"":364,""top"":118,""width"":276,""height"":135,""label"":""truck"",""label2"":""standing by"",""id"":1},""relationships"":{}}","||"
"30OITAWPBQSUTX4XR5SBIPU4LFR9HL","3W8SY8LL7VH56AUEMQUBF07BKZ88K5","Drawing Bounding Box and Finding Relations Between Objects","Drawing bounding box and finding relations between objects in images","bounding box, attribute, relation","$0.03","Tue Apr 10 08:33:28 PDT 2018","1","BatchId:3187975;OriginalHitTemplateId:920937336;","3600","604800","Fri Apr 20 08:33:28 PDT 2018","","","3B4YI393VAL4A5B51793RH1KD1OSS5","A1A41ASXCSFKDX","Submitted","Wed Apr 11 01:46:07 PDT 2018","Wed Apr 11 01:46:31 PDT 2018","Wed Apr 18 01:46:31 PDT 2018","","","","24","0% (0/0)","0% (0/0)","0% (0/0)","https://s3.us-east-2.amazonaws.com/dpm-labeling-project/V14/14_01650.jpg","""excavator""","""excavator"", ""truck""","""non-active"", ""driving"", ""transporting"", ""digging"", ""scraping"", ""pushing"", ""holding w/ chain"", ""drilling"", ""pouring"", ""tearing down"", ""swinging"", ""standing by""","""standing"", ""sitting"", ""walking"", ""bending"", ""leaning"", ""squatting"", ""climbing""","""not working with"", ""guided by"", ""adjusted by"", ""filling""","{""0"":{""left"":92,""top"":7,""width"":469,""height"":226,""label"":""excavator"",""label2"":""pouring"",""id"":0},""1"":{""left"":340,""top"":119,""width"":299,""height"":157,""label"":""truck"",""label2"":""standing by"",""id"":1},""relationships"":{}}","||"
"34OWYT6U3W6UPSFHXNAWI1VJLS69IE","3W8SY8LL7VH56AUEMQUBF07BKZ88K5","Drawing Bounding Box and Finding Relations Between Objects","Drawing bounding box and finding relations between objects in images","bounding box, attribute, relation","$0.03","Tue Apr 10 08:33:28 PDT 2018","1","BatchId:3187975;OriginalHitTemplateId:920937336;","3600","604800","Fri Apr 20 08:33:28 PDT 2018","","","3FDJT1UU75X5GK0MK2NT7K0IIK7K5C","A148OTWHH689Y7","Submitted","Tue Apr 10 10:24:01 PDT 2018","Tue Apr 10 10:25:52 PDT 2018","Tue Apr 17 10:25:52 PDT 2018","","","","111","0% (0/0)","0% (0/0)","0% (0/0)","https://s3.us-east-2.amazonaws.com/dpm-labeling-project/V14/14_01700.jpg","""excavator""","""excavator"", ""truck""","""non-active"", ""driving"", ""transporting"", ""digging"", ""scraping"", ""pushing"", ""holding w/ chain"", ""drilling"", ""pouring"", ""tearing down"", ""swinging"", ""standing by""","""standing"", ""sitting"", ""walking"", ""bending"", ""leaning"", ""squatting"", ""climbing""","""not working with"", ""guided by"", ""adjusted by"", ""filling""","{""0"":{""left"":103,""top"":5,""width"":430,""height"":176,""label"":""excavator"",""label2"":""transporting"",""id"":0},""1"":{""left"":362,""top"":128,""width"":276,""height"":125,""label"":""truck"",""label2"":""standing by"",""id"":1},""relationships"":{""0"":{""1"":""filling""}}}","||filling"
"31ANT7FQN8RBSA2LOFFU69P2ZJ8H52","3W8SY8LL7VH56AUEMQUBF07BKZ88K5","Drawing Bounding Box and Finding Relations Between Objects","Drawing bounding box and finding relations between objects in images","bounding box, attribute, relation","$0.03","Tue Apr 10 08:33:28 PDT 2018","1","BatchId:3187975;OriginalHitTemplateId:920937336;","3600","604800","Fri Apr 20 08:33:28 PDT 2018","","","3DZQRBDBSM40QOQQBS82J9T8LIW3SP","A148OTWHH689Y7","Submitted","Tue Apr 10 10:35:39 PDT 2018","Tue Apr 10 10:38:15 PDT 2018","Tue Apr 17 10:38:15 PDT 2018","","","","156","0% (0/0)","0% (0/0)","0% (0/0)","https://s3.us-east-2.amazonaws.com/dpm-labeling-project/V14/14_01720.jpg","""excavator""","""excavator"", ""truck""","""non-active"", ""driving"", ""transporting"", ""digging"", ""scraping"", ""pushing"", ""holding w/ chain"", ""drilling"", ""pouring"", ""tearing down"", ""swinging"", ""standing by""","""standing"", ""sitting"", ""walking"", ""bending"", ""leaning"", ""squatting"", ""climbing""","""not working with"", ""guided by"", ""adjusted by"", ""filling""","{""2"":{""left"":145,""top"":1,""width"":303,""height"":236,""label"":""excavator"",""label2"":""digging"",""id"":2},""3"":{""left"":361,""top"":115,""width"":279,""height"":129,""label"":""truck"",""label2"":""standing by"",""id"":3},""relationships"":{""2"":{""3"":""not working with""}}}","||not working with"
"367O8HRHKGXIM0C1L48J5VQQ8YU4S5","3W8SY8LL7VH56AUEMQUBF07BKZ88K5","Drawing Bounding Box and Finding Relations Between Objects","Drawing bounding box and finding relations between objects in images","bounding box, attribute, relation","$0.03","Tue Apr 10 08:33:28 PDT 2018","1","BatchId:3187975;OriginalHitTemplateId:920937336;","3600","604800","Fri Apr 20 08:33:28 PDT 2018","","","3X4JMASXCNY5SAARHJ4ORML1ELJB00","A1A41ASXCSFKDX","Submitted","Wed Apr 11 01:26:55 PDT 2018","Wed Apr 11 01:27:45 PDT 2018","Wed Apr 18 01:27:45 PDT 2018","","","","50","0% (0/0)","0% (0/0)","0% (0/0)","https://s3.us-east-2.amazonaws.com/dpm-labeling-project/V14/14_01730.jpg","""excavator""","""excavator"", ""truck""","""non-active"", ""driving"", ""transporting"", ""digging"", ""scraping"", ""pushing"", ""holding w/ chain"", ""drilling"", ""pouring"", ""tearing down"", ""swinging"", ""standing by""","""standing"", ""sitting"", ""walking"", ""bending"", ""leaning"", ""squatting"", ""climbing""","""not working with"", ""guided by"", ""adjusted by"", ""filling""","{""0"":{""left"":368,""top"":119,""width"":270,""height"":136,""label"":""truck"",""label2"":""standing by"",""id"":0},""1"":{""left"":147,""top"":6,""width"":248,""height"":248,""label"":""excavator"",""label2"":""tearing down"",""id"":1},""relationships"":{}}","||"
"3TTPFEFXCT97BE2ZTYPZYF32VEJH6I","3W8SY8LL7VH56AUEMQUBF07BKZ88K5","Drawing Bounding Box and Finding Relations Between Objects","Drawing bounding box and finding relations between objects in images","bounding box, attribute, relation","$0.03","Tue Apr 10 08:33:28 PDT 2018","1","BatchId:3187975;OriginalHitTemplateId:920937336;","3600","604800","Fri Apr 20 08:33:28 PDT 2018","","","38F71OA9GULS85TEBQDI89JZWIUMFE","A3L3ZFL1NYFTCF","Submitted","Tue Apr 10 08:48:29 PDT 2018","Tue Apr 10 08:49:59 PDT 2018","Tue Apr 17 08:49:59 PDT 2018","","","","90","0% (0/0)","0% (0/0)","0% (0/0)","https://s3.us-east-2.amazonaws.com/dpm-labeling-project/V14/14_01750.jpg","""excavator""","""excavator"", ""truck""","""non-active"", ""driving"", ""transporting"", ""digging"", ""scraping"", ""pushing"", ""holding w/ chain"", ""drilling"", ""pouring"", ""tearing down"", ""swinging"", ""standing by""","""standing"", ""sitting"", ""walking"", ""bending"", ""leaning"", ""squatting"", ""climbing""","""not working with"", ""guided by"", ""adjusted by"", ""filling""","{""0"":{""left"":155,""top"":0,""width"":184,""height"":257,""label"":""excavator"",""label2"":""pouring"",""id"":0},""1"":{""left"":361,""top"":129,""width"":277,""height"":125,""label"":""truck"",""label2"":""transporting"",""id"":1},""relationships"":{}}","||"
"3RDTX9JRTYQX08YLEW6ZRC5A7CV79H","3W8SY8LL7VH56AUEMQUBF07BKZ88K5","Drawing Bounding Box and Finding Relations Between Objects","Drawing bounding box and finding relations between objects in images","bounding box, attribute, relation","$0.03","Tue Apr 10 08:33:28 PDT 2018","1","BatchId:3187975;OriginalHitTemplateId:920937336;","3600","604800","Fri Apr 20 08:33:28 PDT 2018","","","3Y4W8Q93L09E089RYCJJ75ZRB2VDVO","A1IOMFFEKCWOIT","Submitted","Tue Apr 10 21:48:50 PDT 2018","Tue Apr 10 21:50:41 PDT 2018","Tue Apr 17 21:50:41 PDT 2018","","","","111","100% (12/12)","100% (12/12)","100% (12/12)","https://s3.us-east-2.amazonaws.com/dpm-labeling-project/V14/14_01800.jpg","""excavator""","""excavator"", ""truck""","""non-active"", ""driving"", ""transporting"", ""digging"", ""scraping"", ""pushing"", ""holding w/ chain"", ""drilling"", ""pouring"", ""tearing down"", ""swinging"", ""standing by""","""standing"", ""sitting"", ""walking"", ""bending"", ""leaning"", ""squatting"", ""climbing""","""not working with"", ""guided by"", ""adjusted by"", ""filling""","{""0"":{""left"":113,""top"":1,""width"":224,""height"":255,""label"":""excavator"",""label2"":""digging"",""id"":0},""1"":{""left"":356,""top"":107,""width"":284,""height"":155,""label"":""truck"",""label2"":""non-active"",""id"":1},""relationships"":{}}","||"
"33KGGVH24U69QI1HSWV4650FBTM1XX","3W8SY8LL7VH56AUEMQUBF07BKZ88K5","Drawing Bounding Box and Finding Relations Between Objects","Drawing bounding box and finding relations between objects in images","bounding box, attribute, relation","$0.03","Tue Apr 10 08:33:28 PDT 2018","1","BatchId:3187975;OriginalHitTemplateId:920937336;","3600","604800","Fri Apr 20 08:33:28 PDT 2018","","","3WAKVUDHUX5Y6KJH296SBRNCBHIU7G","A2WNW8A4MOR7T7","Submitted","Tue Apr 10 09:25:26 PDT 2018","Tue Apr 10 09:26:27 PDT 2018","Tue Apr 17 09:26:27 PDT 2018","","","","61","0% (0/0)","0% (0/0)","0% (0/0)","https://s3.us-east-2.amazonaws.com/dpm-labeling-project/V14/14_01970.jpg","""excavator""","""excavator"", ""truck""","""non-active"", ""driving"", ""transporting"", ""digging"", ""scraping"", ""pushing"", ""holding w/ chain"", ""drilling"", ""pouring"", ""tearing down"", ""swinging"", ""standing by""","""standing"", ""sitting"", ""walking"", ""bending"", ""leaning"", ""squatting"", ""climbing""","""not working with"", ""guided by"", ""adjusted by"", ""filling""","{""0"":{""left"":114,""top"":5,""width"":388,""height"":177,""label"":""excavator"",""label2"":""swinging"",""id"":0},""1"":{""left"":361,""top"":136,""width"":279,""height"":110,""label"":""truck"",""label2"":""non-active"",""id"":1},""relationships"":{""0"":{""1"":""filling""}}}","||filling"
"3LXX8KJXPWY4LEQKVIN12YR5X15O9O","3W8SY8LL7VH56AUEMQUBF07BKZ88K5","Drawing Bounding Box and Finding Relations Between Objects","Drawing bounding box and finding relations between objects in images","bounding box, attribute, relation","$0.03","Tue Apr 10 08:33:28 PDT 2018","1","BatchId:3187975;OriginalHitTemplateId:920937336;","3600","604800","Fri Apr 20 08:33:28 PDT 2018","","","32UTUBMZ7HLLLBB7KGSDCFBR8HOBVK","A1IOMFFEKCWOIT","Submitted","Tue Apr 10 22:31:55 PDT 2018","Tue Apr 10 22:37:16 PDT 2018","Tue Apr 17 22:37:16 PDT 2018","","","","321","100% (12/12)","100% (12/12)","100% (12/12)","https://s3.us-east-2.amazonaws.com/dpm-labeling-project/V14/14_01980.jpg","""excavator""","""excavator"", ""truck""","""non-active"", ""driving"", ""transporting"", ""digging"", ""scraping"", ""pushing"", ""holding w/ chain"", ""drilling"", ""pouring"", ""tearing down"", ""swinging"", ""standing by""","""standing"", ""sitting"", ""walking"", ""bending"", ""leaning"", ""squatting"", ""climbing""","""not working with"", ""guided by"", ""adjusted by"", ""filling""","{""14"":{""left"":78,""top"":0,""width"":449,""height"":203,""label"":""excavator"",""label2"":""digging"",""id"":14},""15"":{""left"":319,""top"":102,""width"":296,""height"":178,""label"":""truck"",""label2"":""non-active"",""id"":15},""relationships"":{""2"":{}}}","||"
"3SX4X51T80YIQX0PNO11YT2P3JNOA3","3W8SY8LL7VH56AUEMQUBF07BKZ88K5","Drawing Bounding Box and Finding Relations Between Objects","Drawing bounding box and finding relations between objects in images","bounding box, attribute, relation","$0.03","Tue Apr 10 08:33:28 PDT 2018","1","BatchId:3187975;OriginalHitTemplateId:920937336;","3600","604800","Fri Apr 20 08:33:28 PDT 2018","","","3U8YCDAGXQ5SWGCG011EMBG00LI0QZ","A1A41ASXCSFKDX","Submitted","Wed Apr 11 00:10:02 PDT 2018","Wed Apr 11 00:17:19 PDT 2018","Wed Apr 18 00:17:19 PDT 2018","","","","437","0% (0/0)","0% (0/0)","0% (0/0)","https://s3.us-east-2.amazonaws.com/dpm-labeling-project/V14/14_01990.jpg","""excavator""","""excavator"", ""truck""","""non-active"", ""driving"", ""transporting"", ""digging"", ""scraping"", ""pushing"", ""holding w/ chain"", ""drilling"", ""pouring"", ""tearing down"", ""swinging"", ""standing by""","""standing"", ""sitting"", ""walking"", ""bending"", ""leaning"", ""squatting"", ""climbing""","""not working with"", ""guided by"", ""adjusted by"", ""filling""","{""0"":{""left"":123,""top"":11,""width"":393,""height"":165,""label"":""excavator"",""label2"":""pouring"",""id"":0},""1"":{""left"":364,""top"":128,""width"":273,""height"":124,""label"":""truck"",""label2"":""standing by"",""id"":1},""relationships"":{}}","||"
"3W3RSPVVGSGUZLBQG1206DAPFHALUV","3W8SY8LL7VH56AUEMQUBF07BKZ88K5","Drawing Bounding Box and Finding Relations Between Objects","Drawing bounding box and finding relations between objects in images","bounding box, attribute, relation","$0.03","Tue Apr 10 08:33:28 PDT 2018","1","BatchId:3187975;OriginalHitTemplateId:920937336;","3600","604800","Fri Apr 20 08:33:28 PDT 2018","","","3VJ40NV2QJCQRDWRJQXKHHN5IVLOTF","A1IOMFFEKCWOIT","Submitted","Tue Apr 10 21:33:06 PDT 2018","Tue Apr 10 21:34:12 PDT 2018","Tue Apr 17 21:34:12 PDT 2018","","","","66","100% (12/12)","100% (12/12)","100% (12/12)","https://s3.us-east-2.amazonaws.com/dpm-labeling-project/V14/14_02000.jpg","""excavator""","""excavator"", ""truck""","""non-active"", ""driving"", ""transporting"", ""digging"", ""scraping"", ""pushing"", ""holding w/ chain"", ""drilling"", ""pouring"", ""tearing down"", ""swinging"", ""standing by""","""standing"", ""sitting"", ""walking"", ""bending"", ""leaning"", ""squatting"", ""climbing""","""not working with"", ""guided by"", ""adjusted by"", ""filling""","{""0"":{""left"":96,""top"":12,""width"":253,""height"":169,""label"":""excavator"",""label2"":""digging"",""id"":0},""1"":{""left"":365,""top"":103,""width"":268,""height"":150,""label"":""truck"",""label2"":""non-active"",""id"":1},""relationships"":{}}","||"
"3ECKRY5B1QL9VJXU1L4VVPXC0VVIZ3","3W8SY8LL7VH56AUEMQUBF07BKZ88K5","Drawing Bounding Box and Finding Relations Between Objects","Drawing bounding box and finding relations between objects in images","bounding box, attribute, relation","$0.03","Tue Apr 10 08:33:28 PDT 2018","1","BatchId:3187975;OriginalHitTemplateId:920937336;","3600","604800","Fri Apr 20 08:33:28 PDT 2018","","","3IAEQB9FMF9RFX9WOMOFT7I5I8DDW8","A3QZMGTVA4VO44","Submitted","Tue Apr 10 10:20:57 PDT 2018","Tue Apr 10 10:21:52 PDT 2018","Tue Apr 17 10:21:52 PDT 2018","","","","55","100% (1/1)","100% (1/1)","100% (1/1)","https://s3.us-east-2.amazonaws.com/dpm-labeling-project/V14/14_02010.jpg","""excavator""","""excavator"", ""truck""","""non-active"", ""driving"", ""transporting"", ""digging"", ""scraping"", ""pushing"", ""holding w/ chain"", ""drilling"", ""pouring"", ""tearing down"", ""swinging"", ""standing by""","""standing"", ""sitting"", ""walking"", ""bending"", ""leaning"", ""squatting"", ""climbing""","""not working with"", ""guided by"", ""adjusted by"", ""filling""","{""0"":{""left"":355,""top"":110,""width"":285,""height"":137,""label"":""truck"",""label2"":""standing by"",""id"":0},""1"":{""left"":109,""top"":1,""width"":431,""height"":176,""label"":""excavator"",""label2"":""pouring"",""id"":1},""relationships"":{""0"":{""1"":""filling""}}}","||filling"
"3L21G7IH47LYQNRRXSH6PJ7ODZG1Y3","3W8SY8LL7VH56AUEMQUBF07BKZ88K5","Drawing Bounding Box and Finding Relations Between Objects","Drawing bounding box and finding relations between objects in images","bounding box, attribute, relation","$0.03","Tue Apr 10 08:33:28 PDT 2018","1","BatchId:3187975;OriginalHitTemplateId:920937336;","3600","604800","Fri Apr 20 08:33:28 PDT 2018","","","3JWH6J9I9T28D62YIP6M2YHEMBGBNR","A34WZL848IKBQU","Submitted","Tue Apr 10 09:21:45 PDT 2018","Tue Apr 10 09:36:06 PDT 2018","Tue Apr 17 09:36:06 PDT 2018","","","","861","0% (0/0)","0% (0/0)","0% (0/0)","https://s3.us-east-2.amazonaws.com/dpm-labeling-project/V14/14_02140.jpg","""excavator""","""excavator"", ""truck""","""non-active"", ""driving"", ""transporting"", ""digging"", ""scraping"", ""pushing"", ""holding w/ chain"", ""drilling"", ""pouring"", ""tearing down"", ""swinging"", ""standing by""","""standing"", ""sitting"", ""walking"", ""bending"", ""leaning"", ""squatting"", ""climbing""","""not working with"", ""guided by"", ""adjusted by"", ""filling""","{""0"":{""left"":181,""top"":8,""width"":139,""height"":242,""label"":""excavator"",""label2"":""scraping"",""id"":0},""relationships"":{}}","|"
"3CVBMEMMXB5QFEG4C8UR4T3YQP3H7H","3W8SY8LL7VH56AUEMQUBF07BKZ88K5","Drawing Bounding Box and Finding Relations Between Objects","Drawing bounding box and finding relations between objects in images","bounding box, attribute, relation","$0.03","Tue Apr 10 08:33:28 PDT 2018","1","BatchId:3187975;OriginalHitTemplateId:920937336;","3600","604800","Fri Apr 20 08:33:28 PDT 2018","","","31N2WW6R9SFRMJL45883CAATWVH3FR","A1IOMFFEKCWOIT","Submitted","Tue Apr 10 21:24:33 PDT 2018","Tue Apr 10 22:06:01 PDT 2018","Tue Apr 17 22:06:01 PDT 2018","","","","2488","100% (12/12)","100% (12/12)","100% (12/12)","https://s3.us-east-2.amazonaws.com/dpm-labeling-project/V14/14_02300.jpg","""excavator""","""excavator"", ""truck""","""non-active"", ""driving"", ""transporting"", ""digging"", ""scraping"", ""pushing"", ""holding w/ chain"", ""drilling"", ""pouring"", ""tearing down"", ""swinging"", ""standing by""","""standing"", ""sitting"", ""walking"", ""bending"", ""leaning"", ""squatting"", ""climbing""","""not working with"", ""guided by"", ""adjusted by"", ""filling""","{""1"":{""left"":86,""top"":9,""width"":416,""height"":170,""label"":""excavator"",""label2"":""digging"",""id"":1},""3"":{""left"":364,""top"":111,""width"":271,""height"":150,""label"":""truck"",""label2"":""non-active"",""id"":3},""relationships"":{}}","||"
"37NXA7GVSTVUC00QLRC52ZC8TOJLVK","3W8SY8LL7VH56AUEMQUBF07BKZ88K5","Drawing Bounding Box and Finding Relations Between Objects","Drawing bounding box and finding relations between objects in images","bounding box, attribute, relation","$0.03","Tue Apr 10 08:33:28 PDT 2018","1","BatchId:3187975;OriginalHitTemplateId:920937336;","3600","604800","Fri Apr 20 08:33:28 PDT 2018","","","3PMBY0YE28S6Y9QAVFJCVHSCZAC9CG","A1A41ASXCSFKDX","Submitted","Wed Apr 11 00:59:59 PDT 2018","Wed Apr 11 01:00:46 PDT 2018","Wed Apr 18 01:00:46 PDT 2018","","","","47","0% (0/0)","0% (0/0)","0% (0/0)","https://s3.us-east-2.amazonaws.com/dpm-labeling-project/V14/14_02320.jpg","""excavator""","""excavator"", ""truck""","""non-active"", ""driving"", ""transporting"", ""digging"", ""scraping"", ""pushing"", ""holding w/ chain"", ""drilling"", ""pouring"", ""tearing down"", ""swinging"", ""standing by""","""standing"", ""sitting"", ""walking"", ""bending"", ""leaning"", ""squatting"", ""climbing""","""not working with"", ""guided by"", ""adjusted by"", ""filling""","{""0"":{""left"":83,""top"":15,""width"":478,""height"":242,""label"":""excavator"",""label2"":""pouring"",""id"":0},""1"":{""left"":354,""top"":103,""width"":286,""height"":154,""label"":""truck"",""label2"":""standing by"",""id"":1},""relationships"":{}}","||"
"3I7KR83SNA2LVN55XQV8VHAWDWV9KP","3W8SY8LL7VH56AUEMQUBF07BKZ88K5","Drawing Bounding Box and Finding Relations Between Objects","Drawing bounding box and finding relations between objects in images","bounding box, attribute, relation","$0.03","Tue Apr 10 08:33:29 PDT 2018","1","BatchId:3187975;OriginalHitTemplateId:920937336;","3600","604800","Fri Apr 20 08:33:29 PDT 2018","","","34Q075JO1Y24FCSZFMBZLA8SS9F10U","A1IOMFFEKCWOIT","Submitted","Tue Apr 10 21:52:58 PDT 2018","Tue Apr 10 21:55:21 PDT 2018","Tue Apr 17 21:55:21 PDT 2018","","","","143","100% (12/12)","100% (12/12)","100% (12/12)","https://s3.us-east-2.amazonaws.com/dpm-labeling-project/V14/14_02650.jpg","""excavator""","""excavator"", ""truck""","""non-active"", ""driving"", ""transporting"", ""digging"", ""scraping"", ""pushing"", ""holding w/ chain"", ""drilling"", ""pouring"", ""tearing down"", ""swinging"", ""standing by""","""standing"", ""sitting"", ""walking"", ""bending"", ""leaning"", ""squatting"", ""climbing""","""not working with"", ""guided by"", ""adjusted by"", ""filling""","{""0"":{""left"":110,""top"":36,""width"":232,""height"":178,""label"":""excavator"",""label2"":""digging"",""id"":0},""1"":{""left"":362,""top"":107,""width"":266,""height"":168,""label"":""truck"",""label2"":""non-active"",""id"":1},""relationships"":{}}","||"
"3J9UN9O9J3H8O9BAF9C31R9QV31J0O","3W8SY8LL7VH56AUEMQUBF07BKZ88K5","Drawing Bounding Box and Finding Relations Between Objects","Drawing bounding box and finding relations between objects in images","bounding box, attribute, relation","$0.03","Tue Apr 10 08:33:29 PDT 2018","1","BatchId:3187975;OriginalHitTemplateId:920937336;","3600","604800","Fri Apr 20 08:33:29 PDT 2018","","","3NC5L260MPBG88EQO6SV0D84RMVOFP","A1A41ASXCSFKDX","Submitted","Wed Apr 11 03:55:32 PDT 2018","Wed Apr 11 03:56:00 PDT 2018","Wed Apr 18 03:56:00 PDT 2018","","","","28","0% (0/0)","0% (0/0)","0% (0/0)","https://s3.us-east-2.amazonaws.com/dpm-labeling-project/V14/14_02660.jpg","""excavator""","""excavator"", ""truck""","""non-active"", ""driving"", ""transporting"", ""digging"", ""scraping"", ""pushing"", ""holding w/ chain"", ""drilling"", ""pouring"", ""tearing down"", ""swinging"", ""standing by""","""standing"", ""sitting"", ""walking"", ""bending"", ""leaning"", ""squatting"", ""climbing""","""not working with"", ""guided by"", ""adjusted by"", ""filling""","{""0"":{""left"":362,""top"":130,""width"":268,""height"":124,""label"":""truck"",""label2"":""standing by"",""id"":0},""1"":{""left"":112,""top"":9,""width"":405,""height"":169,""label"":""excavator"",""label2"":""pouring"",""id"":1},""relationships"":{}}","||"
"3EHIMLB7F7OUFSLNMDMXITZT199H84","3W8SY8LL7VH56AUEMQUBF07BKZ88K5","Drawing Bounding Box and Finding Relations Between Objects","Drawing bounding box and finding relations between objects in images","bounding box, attribute, relation","$0.03","Tue Apr 10 08:33:29 PDT 2018","1","BatchId:3187975;OriginalHitTemplateId:920937336;","3600","604800","Fri Apr 20 08:33:29 PDT 2018","","","32ZKVD547GC1929O06M7TKJ8HWLB3B","AKWH1P9W1KL35","Submitted","Tue Apr 10 18:40:06 PDT 2018","Tue Apr 10 18:43:52 PDT 2018","Tue Apr 17 18:43:52 PDT 2018","","","","226","0% (0/0)","0% (0/0)","0% (0/0)","https://s3.us-east-2.amazonaws.com/dpm-labeling-project/V14/14_02670.jpg","""excavator""","""excavator"", ""truck""","""non-active"", ""driving"", ""transporting"", ""digging"", ""scraping"", ""pushing"", ""holding w/ chain"", ""drilling"", ""pouring"", ""tearing down"", ""swinging"", ""standing by""","""standing"", ""sitting"", ""walking"", ""bending"", ""leaning"", ""squatting"", ""climbing""","""not working with"", ""guided by"", ""adjusted by"", ""filling""","{""0"":{""left"":98,""top"":8,""width"":427,""height"":171,""label"":""excavator"",""label2"":""digging"",""id"":0},""1"":{""left"":358,""top"":124,""width"":277,""height"":132,""label"":""truck"",""label2"":""transporting"",""id"":1},""relationships"":{}}","||"
"3S4TINXCC0CN975HT21XT4MVL18OBY","3W8SY8LL7VH56AUEMQUBF07BKZ88K5","Drawing Bounding Box and Finding Relations Between Objects","Drawing bounding box and finding relations between objects in images","bounding box, attribute, relation","$0.03","Tue Apr 10 08:33:29 PDT 2018","1","BatchId:3187975;OriginalHitTemplateId:920937336;","3600","604800","Fri Apr 20 08:33:29 PDT 2018","","","3LEIZ60CDKOJ621KNT3K6FTX8SYZ95","A2MPA5OAT635HG","Submitted","Wed Apr 11 01:31:45 PDT 2018","Wed Apr 11 01:33:27 PDT 2018","Wed Apr 18 01:33:27 PDT 2018","","","","102","0% (0/0)","0% (0/0)","0% (0/0)","https://s3.us-east-2.amazonaws.com/dpm-labeling-project/V14/14_02680.jpg","""excavator""","""excavator"", ""truck""","""non-active"", ""driving"", ""transporting"", ""digging"", ""scraping"", ""pushing"", ""holding w/ chain"", ""drilling"", ""pouring"", ""tearing down"", ""swinging"", ""standing by""","""standing"", ""sitting"", ""walking"", ""bending"", ""leaning"", ""squatting"", ""climbing""","""not working with"", ""guided by"", ""adjusted by"", ""filling""","{""0"":{""left"":103,""top"":9,""width"":433,""height"":176,""label"":""excavator"",""label2"":""transporting"",""id"":0},""1"":{""left"":355,""top"":132,""width"":278,""height"":118,""label"":""truck"",""label2"":""standing by"",""id"":1},""relationships"":{}}","||"
"3RTFSSG7T8V7RP0VB1H1O1VM0XLLWU","3W8SY8LL7VH56AUEMQUBF07BKZ88K5","Drawing Bounding Box and Finding Relations Between Objects","Drawing bounding box and finding relations between objects in images","bounding box, attribute, relation","$0.03","Tue Apr 10 08:33:29 PDT 2018","1","BatchId:3187975;OriginalHitTemplateId:920937336;","3600","604800","Fri Apr 20 08:33:29 PDT 2018","","","35K3O9HUAC2UWH11USPZV1EQNK8EFU","A1IOMFFEKCWOIT","Submitted","Tue Apr 10 21:50:57 PDT 2018","Tue Apr 10 21:54:14 PDT 2018","Tue Apr 17 21:54:14 PDT 2018","","","","197","100% (12/12)","100% (12/12)","100% (12/12)","https://s3.us-east-2.amazonaws.com/dpm-labeling-project/V14/14_03010.jpg","""excavator""","""excavator"", ""truck""","""non-active"", ""driving"", ""transporting"", ""digging"", ""scraping"", ""pushing"", ""holding w/ chain"", ""drilling"", ""pouring"", ""tearing down"", ""swinging"", ""standing by""","""standing"", ""sitting"", ""walking"", ""bending"", ""leaning"", ""squatting"", ""climbing""","""not working with"", ""guided by"", ""adjusted by"", ""filling""","{""0"":{""left"":90,""top"":26,""width"":427,""height"":162,""label"":""excavator"",""label2"":""digging"",""id"":0},""1"":{""left"":361,""top"":111,""width"":277,""height"":158,""label"":""truck"",""label2"":""non-active"",""id"":1},""relationships"":{}}","||"
"3YD0MU1NC2QB5R8Q62KZN7GUDUD7AW","3W8SY8LL7VH56AUEMQUBF07BKZ88K5","Drawing Bounding Box and Finding Relations Between Objects","Drawing bounding box and finding relations between objects in images","bounding box, attribute, relation","$0.03","Tue Apr 10 08:33:29 PDT 2018","1","BatchId:3187975;OriginalHitTemplateId:920937336;","3600","604800","Fri Apr 20 08:33:29 PDT 2018","","","3WJ1OXY92B5IRPA269H7PQ7DF1W8AB","A2U31V169A20GY","Submitted","Tue Apr 10 21:24:02 PDT 2018","Tue Apr 10 21:25:21 PDT 2018","Tue Apr 17 21:25:21 PDT 2018","","","","79","0% (0/0)","0% (0/0)","0% (0/0)","https://s3.us-east-2.amazonaws.com/dpm-labeling-project/V14/14_03030.jpg","""excavator""","""excavator"", ""truck""","""non-active"", ""driving"", ""transporting"", ""digging"", ""scraping"", ""pushing"", ""holding w/ chain"", ""drilling"", ""pouring"", ""tearing down"", ""swinging"", ""standing by""","""standing"", ""sitting"", ""walking"", ""bending"", ""leaning"", ""squatting"", ""climbing""","""not working with"", ""guided by"", ""adjusted by"", ""filling""","{""0"":{""left"":117,""top"":21,""width"":409,""height"":156,""label"":""excavator"",""label2"":""digging"",""id"":0},""1"":{""left"":369,""top"":127,""width"":271,""height"":127,""label"":""truck"",""label2"":""standing by"",""id"":1},""relationships"":{""0"":{""1"":""filling""}}}","||filling"
"33N1S8XHHMAYVD1WTEJP3QGQJTK1ZU","3W8SY8LL7VH56AUEMQUBF07BKZ88K5","Drawing Bounding Box and Finding Relations Between Objects","Drawing bounding box and finding relations between objects in images","bounding box, attribute, relation","$0.03","Tue Apr 10 08:33:29 PDT 2018","1","BatchId:3187975;OriginalHitTemplateId:920937336;","3600","604800","Fri Apr 20 08:33:29 PDT 2018","","","32SCWG5HIIT2AFXG2D26V70H8SKP60","A2MPA5OAT635HG","Submitted","Wed Apr 11 01:40:00 PDT 2018","Wed Apr 11 01:41:50 PDT 2018","Wed Apr 18 01:41:50 PDT 2018","","","","110","0% (0/0)","0% (0/0)","0% (0/0)","https://s3.us-east-2.amazonaws.com/dpm-labeling-project/V14/14_03360.jpg","""excavator""","""excavator"", ""truck""","""non-active"", ""driving"", ""transporting"", ""digging"", ""scraping"", ""pushing"", ""holding w/ chain"", ""drilling"", ""pouring"", ""tearing down"", ""swinging"", ""standing by""","""standing"", ""sitting"", ""walking"", ""bending"", ""leaning"", ""squatting"", ""climbing""","""not working with"", ""guided by"", ""adjusted by"", ""filling""","{""0"":{""left"":85,""top"":4,""width"":444,""height"":206,""label"":""excavator"",""label2"":""digging"",""id"":0},""1"":{""left"":346,""top"":110,""width"":294,""height"":138,""label"":""truck"",""label2"":""non-active"",""id"":1},""relationships"":{}}","||"
"3YKP7CX6G24GO1DICGKVII00VCY7BR","3W8SY8LL7VH56AUEMQUBF07BKZ88K5","Drawing Bounding Box and Finding Relations Between Objects","Drawing bounding box and finding relations between objects in images","bounding box, attribute, relation","$0.03","Tue Apr 10 08:33:29 PDT 2018","1","BatchId:3187975;OriginalHitTemplateId:920937336;","3600","604800","Fri Apr 20 08:33:29 PDT 2018","","","3A4TN5196L7ZDF8TTR748YQ0INHHCB","A4PRXDCEFH48W","Submitted","Tue Apr 10 23:30:03 PDT 2018","Tue Apr 10 23:31:49 PDT 2018","Tue Apr 17 23:31:49 PDT 2018","","","","106","0% (0/0)","0% (0/0)","0% (0/0)","https://s3.us-east-2.amazonaws.com/dpm-labeling-project/V14/14_03380.jpg","""excavator""","""excavator"", ""truck""","""non-active"", ""driving"", ""transporting"", ""digging"", ""scraping"", ""pushing"", ""holding w/ chain"", ""drilling"", ""pouring"", ""tearing down"", ""swinging"", ""standing by""","""standing"", ""sitting"", ""walking"", ""bending"", ""leaning"", ""squatting"", ""climbing""","""not working with"", ""guided by"", ""adjusted by"", ""filling""","{""0"":{""left"":366,""top"":128,""width"":274,""height"":121,""label"":""truck"",""label2"":""standing by"",""id"":0},""1"":{""left"":124,""top"":18,""width"":399,""height"":162,""label"":""excavator"",""label2"":""transporting"",""id"":1},""relationships"":{}}","||"
"366FYU4PTGE2QJWM51BUNVB74TBEK4","3W8SY8LL7VH56AUEMQUBF07BKZ88K5","Drawing Bounding Box and Finding Relations Between Objects","Drawing bounding box and finding relations between objects in images","bounding box, attribute, relation","$0.03","Tue Apr 10 08:33:29 PDT 2018","1","BatchId:3187975;OriginalHitTemplateId:920937336;","3600","604800","Fri Apr 20 08:33:29 PDT 2018","","","31QNSG6A5SI08NC4Z65NFZ5NET178U","A2MPA5OAT635HG","Submitted","Tue Apr 10 23:51:23 PDT 2018","Tue Apr 10 23:52:12 PDT 2018","Tue Apr 17 23:52:12 PDT 2018","","","","49","0% (0/0)","0% (0/0)","0% (0/0)","https://s3.us-east-2.amazonaws.com/dpm-labeling-project/V14/14_04430.jpg","""excavator""","""excavator"", ""truck""","""non-active"", ""driving"", ""transporting"", ""digging"", ""scraping"", ""pushing"", ""holding w/ chain"", ""drilling"", ""pouring"", ""tearing down"", ""swinging"", ""standing by""","""standing"", ""sitting"", ""walking"", ""bending"", ""leaning"", ""squatting"", ""climbing""","""not working with"", ""guided by"", ""adjusted by"", ""filling""","{""0"":{""left"":100,""top"":0,""width"":411,""height"":192,""label"":""excavator"",""label2"":""transporting"",""id"":0},""1"":{""left"":369,""top"":122,""width"":258,""height"":135,""label"":""truck"",""label2"":""non-active"",""id"":1},""relationships"":{}}","||"
"3BPP3MA3TC9DAPE4Q1NV2VOMTTGEL7","3W8SY8LL7VH56AUEMQUBF07BKZ88K5","Drawing Bounding Box and Finding Relations Between Objects","Drawing bounding box and finding relations between objects in images","bounding box, attribute, relation","$0.03","Tue Apr 10 08:33:29 PDT 2018","1","BatchId:3187975;OriginalHitTemplateId:920937336;","3600","604800","Fri Apr 20 08:33:29 PDT 2018","","","30ZX6P7VF9KI63BHKYLJ8YXTJOZJ20","A1IOMFFEKCWOIT","Submitted","Tue Apr 10 21:54:24 PDT 2018","Tue Apr 10 21:57:17 PDT 2018","Tue Apr 17 21:57:17 PDT 2018","","","","173","100% (12/12)","100% (12/12)","100% (12/12)","https://s3.us-east-2.amazonaws.com/dpm-labeling-project/V14/14_04470.jpg","""excavator""","""excavator"", ""truck""","""non-active"", ""driving"", ""transporting"", ""digging"", ""scraping"", ""pushing"", ""holding w/ chain"", ""drilling"", ""pouring"", ""tearing down"", ""swinging"", ""standing by""","""standing"", ""sitting"", ""walking"", ""bending"", ""leaning"", ""squatting"", ""climbing""","""not working with"", ""guided by"", ""adjusted by"", ""filling""","{""0"":{""left"":73,""top"":13,""width"":460,""height"":157,""label"":""excavator"",""label2"":""pouring"",""id"":0},""1"":{""left"":338,""top"":83,""width"":302,""height"":175,""label"":""truck"",""label2"":""non-active"",""id"":1},""relationships"":{}}","||"
"3UZUVSO3P7KXG7WPQDOA283BTY6EM9","3W8SY8LL7VH56AUEMQUBF07BKZ88K5","Drawing Bounding Box and Finding Relations Between Objects","Drawing bounding box and finding relations between objects in images","bounding box, attribute, relation","$0.03","Tue Apr 10 08:33:29 PDT 2018","1","BatchId:3187975;OriginalHitTemplateId:920937336;","3600","604800","Fri Apr 20 08:33:29 PDT 2018","","","3F6HPJW4JEP4CNBGRX4YXOR1LIPW2L","A1SPJHUHCFZ550","Submitted","Tue Apr 10 12:34:27 PDT 2018","Tue Apr 10 12:36:24 PDT 2018","Tue Apr 17 12:36:24 PDT 2018","","","","117","0% (0/0)","0% (0/0)","0% (0/0)","https://s3.us-east-2.amazonaws.com/dpm-labeling-project/V14/14_04920.jpg","""excavator""","""excavator"", ""truck""","""non-active"", ""driving"", ""transporting"", ""digging"", ""scraping"", ""pushing"", ""holding w/ chain"", ""drilling"", ""pouring"", ""tearing down"", ""swinging"", ""standing by""","""standing"", ""sitting"", ""walking"", ""bending"", ""leaning"", ""squatting"", ""climbing""","""not working with"", ""guided by"", ""adjusted by"", ""filling""","{""0"":{""left"":368,""top"":132,""width"":272,""height"":117,""label"":""truck"",""label2"":""holding w/ chain"",""id"":0},""1"":{""left"":120,""top"":19,""width"":366,""height"":164,""label"":""excavator"",""label2"":""scraping"",""id"":1},""relationships"":{}}","||"
"3UQVX1UPFS68IDD28O6B2AN9TSF20K","3W8SY8LL7VH56AUEMQUBF07BKZ88K5","Drawing Bounding Box and Finding Relations Between Objects","Drawing bounding box and finding relations between objects in images","bounding box, attribute, relation","$0.03","Tue Apr 10 08:33:29 PDT 2018","1","BatchId:3187975;OriginalHitTemplateId:920937336;","3600","604800","Fri Apr 20 08:33:29 PDT 2018","","","3MYYFCXHJ4WIIF03G6J4402BBAJ4GI","A3SLY0SJLJZ0J1","Submitted","Tue Apr 10 22:22:51 PDT 2018","Tue Apr 10 22:23:42 PDT 2018","Tue Apr 17 22:23:42 PDT 2018","","","","51","0% (0/0)","0% (0/0)","0% (0/0)","https://s3.us-east-2.amazonaws.com/dpm-labeling-project/V14/14_04970.jpg","""excavator""","""excavator"", ""truck""","""non-active"", ""driving"", ""transporting"", ""digging"", ""scraping"", ""pushing"", ""holding w/ chain"", ""drilling"", ""pouring"", ""tearing down"", ""swinging"", ""standing by""","""standing"", ""sitting"", ""walking"", ""bending"", ""leaning"", ""squatting"", ""climbing""","""not working with"", ""guided by"", ""adjusted by"", ""filling""","{""0"":{""left"":116,""top"":4,""width"":410,""height"":175,""label"":""excavator"",""label2"":""pouring"",""id"":0},""1"":{""left"":364,""top"":126,""width"":276,""height"":127,""label"":""truck"",""label2"":""standing by"",""id"":1},""relationships"":{""0"":{""1"":""filling""}}}","||filling"
"3UOMW19E6DVKB2R52N1TVISMMR3C5O","3W8SY8LL7VH56AUEMQUBF07BKZ88K5","Drawing Bounding Box and Finding Relations Between Objects","Drawing bounding box and finding relations between objects in images","bounding box, attribute, relation","$0.03","Tue Apr 10 08:33:29 PDT 2018","1","BatchId:3187975;OriginalHitTemplateId:920937336;","3600","604800","Fri Apr 20 08:33:29 PDT 2018","","","31EUONYN2WS5450GOLXZIZBQFG8OV2","A1IOMFFEKCWOIT","Submitted","Tue Apr 10 22:51:45 PDT 2018","Tue Apr 10 22:53:34 PDT 2018","Tue Apr 17 22:53:34 PDT 2018","","","","109","100% (12/12)","100% (12/12)","100% (12/12)","https://s3.us-east-2.amazonaws.com/dpm-labeling-project/V14/14_05050.jpg","""excavator""","""excavator"", ""truck""","""non-active"", ""driving"", ""transporting"", ""digging"", ""scraping"", ""pushing"", ""holding w/ chain"", ""drilling"", ""pouring"", ""tearing down"", ""swinging"", ""standing by""","""standing"", ""sitting"", ""walking"", ""bending"", ""leaning"", ""squatting"", ""climbing""","""not working with"", ""guided by"", ""adjusted by"", ""filling""","{""0"":{""left"":109,""top"":19,""width"":404,""height"":201,""label"":""excavator"",""label2"":""digging"",""id"":0},""1"":{""left"":369,""top"":115,""width"":271,""height"":173,""label"":""truck"",""label2"":""standing by"",""id"":1},""relationships"":{}}","||"
"3BAKUKE49H1PTMF5JXPCHNERAC1R1R","3W8SY8LL7VH56AUEMQUBF07BKZ88K5","Drawing Bounding Box and Finding Relations Between Objects","Drawing bounding box and finding relations between objects in images","bounding box, attribute, relation","$0.03","Tue Apr 10 08:33:29 PDT 2018","1","BatchId:3187975;OriginalHitTemplateId:920937336;","3600","604800","Fri Apr 20 08:33:29 PDT 2018","","","3ZQIG0FLQF5D9E9IF7O9ZTOCII0VWE","A1IOMFFEKCWOIT","Submitted","Tue Apr 10 21:36:29 PDT 2018","Tue Apr 10 21:38:22 PDT 2018","Tue Apr 17 21:38:22 PDT 2018","","","","113","100% (12/12)","100% (12/12)","100% (12/12)","https://s3.us-east-2.amazonaws.com/dpm-labeling-project/V14/14_05060.jpg","""excavator""","""excavator"", ""truck""","""non-active"", ""driving"", ""transporting"", ""digging"", ""scraping"", ""pushing"", ""holding w/ chain"", ""drilling"", ""pouring"", ""tearing down"", ""swinging"", ""standing by""","""standing"", ""sitting"", ""walking"", ""bending"", ""leaning"", ""squatting"", ""climbing""","""not working with"", ""guided by"", ""adjusted by"", ""filling""","{""0"":{""left"":92,""top"":18,""width"":418,""height"":225,""label"":""excavator"",""label2"":""digging"",""id"":0},""1"":{""left"":379,""top"":85,""width"":251,""height"":179,""label"":""truck"",""label2"":""non-active"",""id"":1},""relationships"":{}}","||"
"344M16OZKI43YPHP2E3AFNSBYOGEN9","3W8SY8LL7VH56AUEMQUBF07BKZ88K5","Drawing Bounding Box and Finding Relations Between Objects","Drawing bounding box and finding relations between objects in images","bounding box, attribute, relation","$0.03","Tue Apr 10 08:33:29 PDT 2018","1","BatchId:3187975;OriginalHitTemplateId:920937336;","3600","604800","Fri Apr 20 08:33:29 PDT 2018","","","3QEMNNSB2YOCPI8VGEG31RJOPKOD7W","A1IOMFFEKCWOIT","Submitted","Tue Apr 10 21:45:21 PDT 2018","Tue Apr 10 21:49:19 PDT 2018","Tue Apr 17 21:49:19 PDT 2018","","","","238","100% (12/12)","100% (12/12)","100% (12/12)","https://s3.us-east-2.amazonaws.com/dpm-labeling-project/V14/14_05110.jpg","""excavator""","""excavator"", ""truck""","""non-active"", ""driving"", ""transporting"", ""digging"", ""scraping"", ""pushing"", ""holding w/ chain"", ""drilling"", ""pouring"", ""tearing down"", ""swinging"", ""standing by""","""standing"", ""sitting"", ""walking"", ""bending"", ""leaning"", ""squatting"", ""climbing""","""not working with"", ""guided by"", ""adjusted by"", ""filling""","{""0"":{""left"":110,""top"":49,""width"":352,""height"":224,""label"":""excavator"",""label2"":""digging"",""id"":0},""1"":{""left"":393,""top"":122,""width"":247,""height"":131,""label"":""truck"",""label2"":""non-active"",""id"":1},""relationships"":{}}","||"
"3XBXDSS8888MGP5LL6DNQK9T9ZRLXN","3W8SY8LL7VH56AUEMQUBF07BKZ88K5","Drawing Bounding Box and Finding Relations Between Objects","Drawing bounding box and finding relations between objects in images","bounding box, attribute, relation","$0.03","Tue Apr 10 08:33:29 PDT 2018","1","BatchId:3187975;OriginalHitTemplateId:920937336;","3600","604800","Fri Apr 20 08:33:29 PDT 2018","","","3H7XDTSHKDGURHJNQCPNZSL2V3CGWA","A1IOMFFEKCWOIT","Submitted","Tue Apr 10 21:30:43 PDT 2018","Tue Apr 10 21:32:50 PDT 2018","Tue Apr 17 21:32:50 PDT 2018","","","","127","100% (12/12)","100% (12/12)","100% (12/12)","https://s3.us-east-2.amazonaws.com/dpm-labeling-project/V14/14_05160.jpg","""excavator""","""excavator"", ""truck""","""non-active"", ""driving"", ""transporting"", ""digging"", ""scraping"", ""pushing"", ""holding w/ chain"", ""drilling"", ""pouring"", ""tearing down"", ""swinging"", ""standing by""","""standing"", ""sitting"", ""walking"", ""bending"", ""leaning"", ""squatting"", ""climbing""","""not working with"", ""guided by"", ""adjusted by"", ""filling""","{""0"":{""left"":99,""top"":10,""width"":344,""height"":231,""label"":""excavator"",""label2"":""digging"",""id"":0},""1"":{""left"":469,""top"":126,""width"":171,""height"":126,""label"":""truck"",""label2"":""non-active"",""id"":1},""relationships"":{}}","||"
"3ZTE0JGGCEH6JCXN72XS4OSD3M8OC5","3W8SY8LL7VH56AUEMQUBF07BKZ88K5","Drawing Bounding Box and Finding Relations Between Objects","Drawing bounding box and finding relations between objects in images","bounding box, attribute, relation","$0.03","Tue Apr 10 08:33:29 PDT 2018","1","BatchId:3187975;OriginalHitTemplateId:920937336;","3600","604800","Fri Apr 20 08:33:29 PDT 2018","","","3XC1O3LBOTBILSTU6YHSP0JBNQTTLG","A1A41ASXCSFKDX","Submitted","Wed Apr 11 01:29:49 PDT 2018","Wed Apr 11 01:30:28 PDT 2018","Wed Apr 18 01:30:28 PDT 2018","","","","39","0% (0/0)","0% (0/0)","0% (0/0)","https://s3.us-east-2.amazonaws.com/dpm-labeling-project/V14/14_05280.jpg","""excavator""","""excavator"", ""truck""","""non-active"", ""driving"", ""transporting"", ""digging"", ""scraping"", ""pushing"", ""holding w/ chain"", ""drilling"", ""pouring"", ""tearing down"", ""swinging"", ""standing by""","""standing"", ""sitting"", ""walking"", ""bending"", ""leaning"", ""squatting"", ""climbing""","""not working with"", ""guided by"", ""adjusted by"", ""filling""","{""0"":{""left"":75,""top"":12,""width"":395,""height"":250,""label"":""excavator"",""label2"":""digging"",""id"":0},""1"":{""left"":472,""top"":133,""width"":97,""height"":119,""label"":""truck"",""label2"":""standing by"",""id"":1},""2"":{""left"":327,""top"":164,""width"":117,""height"":53,""label"":""truck"",""label2"":""standing by"",""id"":2},""relationships"":{}}","|||"
"39WSF6KUV2ALGAH13T3NUCSGOYLOEY","3W8SY8LL7VH56AUEMQUBF07BKZ88K5","Drawing Bounding Box and Finding Relations Between Objects","Drawing bounding box and finding relations between objects in images","bounding box, attribute, relation","$0.03","Tue Apr 10 08:33:29 PDT 2018","1","BatchId:3187975;OriginalHitTemplateId:920937336;","3600","604800","Fri Apr 20 08:33:29 PDT 2018","","","3KOPY89HM9R7RL70OYZOR82LP243J0","A1IOMFFEKCWOIT","Submitted","Tue Apr 10 22:30:24 PDT 2018","Tue Apr 10 23:15:21 PDT 2018","Tue Apr 17 23:15:21 PDT 2018","","","","2697","100% (12/12)","100% (12/12)","100% (12/12)","https://s3.us-east-2.amazonaws.com/dpm-labeling-project/V14/14_05290.jpg","""excavator""","""excavator"", ""truck""","""non-active"", ""driving"", ""transporting"", ""digging"", ""scraping"", ""pushing"", ""holding w/ chain"", ""drilling"", ""pouring"", ""tearing down"", ""swinging"", ""standing by""","""standing"", ""sitting"", ""walking"", ""bending"", ""leaning"", ""squatting"", ""climbing""","""not working with"", ""guided by"", ""adjusted by"", ""filling""","{""0"":{""left"":81,""top"":24,""width"":420,""height"":199,""label"":""excavator"",""label2"":""digging"",""id"":0},""1"":{""left"":456,""top"":113,""width"":113,""height"":130,""label"":""truck"",""label2"":""non-active"",""id"":1},""relationships"":{}}","||"
"3OEWW2KGQJ0GO4317YS3OUAVOMKOD5","3W8SY8LL7VH56AUEMQUBF07BKZ88K5","Drawing Bounding Box and Finding Relations Between Objects","Drawing bounding box and finding relations between objects in images","bounding box, attribute, relation","$0.03","Tue Apr 10 08:33:29 PDT 2018","1","BatchId:3187975;OriginalHitTemplateId:920937336;","3600","604800","Fri Apr 20 08:33:29 PDT 2018","","","3X87C8JFV70SXPWS93KYWHMJVD0SQD","A2MPA5OAT635HG","Submitted","Wed Apr 11 00:01:30 PDT 2018","Wed Apr 11 00:02:58 PDT 2018","Wed Apr 18 00:02:58 PDT 2018","","","","88","0% (0/0)","0% (0/0)","0% (0/0)","https://s3.us-east-2.amazonaws.com/dpm-labeling-project/V14/14_05360.jpg","""excavator""","""excavator"", ""truck""","""non-active"", ""driving"", ""transporting"", ""digging"", ""scraping"", ""pushing"", ""holding w/ chain"", ""drilling"", ""pouring"", ""tearing down"", ""swinging"", ""standing by""","""standing"", ""sitting"", ""walking"", ""bending"", ""leaning"", ""squatting"", ""climbing""","""not working with"", ""guided by"", ""adjusted by"", ""filling""","{""0"":{""left"":105,""top"":37,""width"":352,""height"":181,""label"":""excavator"",""label2"":""digging"",""id"":0},""1"":{""left"":484,""top"":138,""width"":156,""height"":98,""label"":""truck"",""label2"":""driving"",""id"":1},""relationships"":{}}","||"
"3RSBJ6YZECFDMOHXY4NTCUDG0Z0OFG","3W8SY8LL7VH56AUEMQUBF07BKZ88K5","Drawing Bounding Box and Finding Relations Between Objects","Drawing bounding box and finding relations between objects in images","bounding box, attribute, relation","$0.03","Tue Apr 10 08:33:29 PDT 2018","1","BatchId:3187975;OriginalHitTemplateId:920937336;","3600","604800","Fri Apr 20 08:33:29 PDT 2018","","","31LM9EDVOMHEVP0A6HJ30M0RUJXNJ2","A3VXSCZ7NP7ZI2","Submitted","Tue Apr 10 23:07:43 PDT 2018","Tue Apr 10 23:08:43 PDT 2018","Tue Apr 17 23:08:43 PDT 2018","","","","60","0% (0/0)","0% (0/0)","0% (0/0)","https://s3.us-east-2.amazonaws.com/dpm-labeling-project/V14/14_05390.jpg","""excavator""","""excavator"", ""truck""","""non-active"", ""driving"", ""transporting"", ""digging"", ""scraping"", ""pushing"", ""holding w/ chain"", ""drilling"", ""pouring"", ""tearing down"", ""swinging"", ""standing by""","""standing"", ""sitting"", ""walking"", ""bending"", ""leaning"", ""squatting"", ""climbing""","""not working with"", ""guided by"", ""adjusted by"", ""filling""","{""0"":{""left"":112,""top"":21,""width"":322,""height"":154,""label"":""excavator"",""label2"":""driving"",""id"":0},""1"":{""left"":288,""top"":141,""width"":104,""height"":69,""label"":""excavator"",""label2"":""non-active"",""id"":1},""relationships"":{}}","|"
"3IVEC1GSLPO8VYWSBSG3FWS00V7J1R","3W8SY8LL7VH56AUEMQUBF07BKZ88K5","Drawing Bounding Box and Finding Relations Between Objects","Drawing bounding box and finding relations between objects in images","bounding box, attribute, relation","$0.03","Tue Apr 10 08:33:29 PDT 2018","1","BatchId:3187975;OriginalHitTemplateId:920937336;","3600","604800","Fri Apr 20 08:33:29 PDT 2018","","","3Z3ZLGNNSJJOD8BDJOJXO9E73XXQ3F","A1IOMFFEKCWOIT","Submitted","Tue Apr 10 22:56:06 PDT 2018","Tue Apr 10 22:58:58 PDT 2018","Tue Apr 17 22:58:58 PDT 2018","","","","172","100% (12/12)","100% (12/12)","100% (12/12)","https://s3.us-east-2.amazonaws.com/dpm-labeling-project/V14/14_05520.jpg","""excavator""","""excavator"", ""truck""","""non-active"", ""driving"", ""transporting"", ""digging"", ""scraping"", ""pushing"", ""holding w/ chain"", ""drilling"", ""pouring"", ""tearing down"", ""swinging"", ""standing by""","""standing"", ""sitting"", ""walking"", ""bending"", ""leaning"", ""squatting"", ""climbing""","""not working with"", ""guided by"", ""adjusted by"", ""filling""","{""0"":{""left"":112,""top"":43,""width"":404,""height"":190,""label"":""excavator"",""label2"":""digging"",""id"":0},""2"":{""left"":491,""top"":158,""width"":80,""height"":53,""label"":""truck"",""label2"":""non-active"",""id"":2},""relationships"":{}}","||"
"34F34TZU7WOFKJEOUWGHKF25S1LJ28","3W8SY8LL7VH56AUEMQUBF07BKZ88K5","Drawing Bounding Box and Finding Relations Between Objects","Drawing bounding box and finding relations between objects in images","bounding box, attribute, relation","$0.03","Tue Apr 10 08:33:29 PDT 2018","1","BatchId:3187975;OriginalHitTemplateId:920937336;","3600","604800","Fri Apr 20 08:33:29 PDT 2018","","","3NVC2EB65ROXMA2ZAY0R1VH926H3YY","A4PRXDCEFH48W","Submitted","Tue Apr 10 23:28:04 PDT 2018","Tue Apr 10 23:29:00 PDT 2018","Tue Apr 17 23:29:00 PDT 2018","","","","56","0% (0/0)","0% (0/0)","0% (0/0)","https://s3.us-east-2.amazonaws.com/dpm-labeling-project/V14/14_05590.jpg","""excavator""","""excavator"", ""truck""","""non-active"", ""driving"", ""transporting"", ""digging"", ""scraping"", ""pushing"", ""holding w/ chain"", ""drilling"", ""pouring"", ""tearing down"", ""swinging"", ""standing by""","""standing"", ""sitting"", ""walking"", ""bending"", ""leaning"", ""squatting"", ""climbing""","""not working with"", ""guided by"", ""adjusted by"", ""filling""","{""0"":{""left"":366,""top"":171,""width"":78,""height"":36,""label"":""truck"",""label2"":""standing by"",""id"":0},""1"":{""left"":126,""top"":39,""width"":325,""height"":180,""label"":""excavator"",""label2"":""digging"",""id"":1},""relationships"":{}}","||"
"3M7OI89LVYDGU6RJ76BYNO6MIMEC64","3W8SY8LL7VH56AUEMQUBF07BKZ88K5","Drawing Bounding Box and Finding Relations Between Objects","Drawing bounding box and finding relations between objects in images","bounding box, attribute, relation","$0.03","Tue Apr 10 08:33:29 PDT 2018","1","BatchId:3187975;OriginalHitTemplateId:920937336;","3600","604800","Fri Apr 20 08:33:29 PDT 2018","","","3DUZQ9U6SNDK2XS9V2E824LRC59VS4","A1IOMFFEKCWOIT","Submitted","Tue Apr 10 22:28:09 PDT 2018","Tue Apr 10 22:29:30 PDT 2018","Tue Apr 17 22:29:30 PDT 2018","","","","81","100% (12/12)","100% (12/12)","100% (12/12)","https://s3.us-east-2.amazonaws.com/dpm-labeling-project/V14/14_05610.jpg","""excavator""","""excavator"", ""truck""","""non-active"", ""driving"", ""transporting"", ""digging"", ""scraping"", ""pushing"", ""holding w/ chain"", ""drilling"", ""pouring"", ""tearing down"", ""swinging"", ""standing by""","""standing"", ""sitting"", ""walking"", ""bending"", ""leaning"", ""squatting"", ""climbing""","""not working with"", ""guided by"", ""adjusted by"", ""filling""","{""0"":{""left"":73,""top"":9,""width"":374,""height"":194,""label"":""excavator"",""label2"":""transporting"",""id"":0},""1"":{""left"":510,""top"":141,""width"":41,""height"":80,""label"":""truck"",""label2"":""standing by"",""id"":1},""2"":{""left"":586,""top"":154,""width"":51,""height"":71,""label"":""truck"",""label2"":""standing by"",""id"":2},""relationships"":{}}","|||"
"37VHPF5VYCS3YKA70L8W722DOH4C8Q","3W8SY8LL7VH56AUEMQUBF07BKZ88K5","Drawing Bounding Box and Finding Relations Between Objects","Drawing bounding box and finding relations between objects in images","bounding box, attribute, relation","$0.03","Tue Apr 10 08:33:29 PDT 2018","1","BatchId:3187975;OriginalHitTemplateId:920937336;","3600","604800","Fri Apr 20 08:33:29 PDT 2018","","","3PJ71Z61R5RMB6GCFIUSEL9LVD891D","A1IOMFFEKCWOIT","Submitted","Tue Apr 10 21:33:00 PDT 2018","Tue Apr 10 21:33:52 PDT 2018","Tue Apr 17 21:33:52 PDT 2018","","","","52","100% (12/12)","100% (12/12)","100% (12/12)","https://s3.us-east-2.amazonaws.com/dpm-labeling-project/V14/14_06090.jpg","""excavator""","""excavator"", ""truck""","""non-active"", ""driving"", ""transporting"", ""digging"", ""scraping"", ""pushing"", ""holding w/ chain"", ""drilling"", ""pouring"", ""tearing down"", ""swinging"", ""standing by""","""standing"", ""sitting"", ""walking"", ""bending"", ""leaning"", ""squatting"", ""climbing""","""not working with"", ""guided by"", ""adjusted by"", ""filling""","{""0"":{""left"":104,""top"":14,""width"":240,""height"":170,""label"":""excavator"",""label2"":""digging"",""id"":0},""2"":{""left"":357,""top"":100,""width"":282,""height"":163,""label"":""truck"",""label2"":""non-active"",""id"":2},""relationships"":{}}","||"
"359AP8GAGG9ZY65OQGGQT26IDXY7CY","3W8SY8LL7VH56AUEMQUBF07BKZ88K5","Drawing Bounding Box and Finding Relations Between Objects","Drawing bounding box and finding relations between objects in images","bounding box, attribute, relation","$0.03","Tue Apr 10 08:33:29 PDT 2018","1","BatchId:3187975;OriginalHitTemplateId:920937336;","3600","604800","Fri Apr 20 08:33:29 PDT 2018","","","3K772S5NP90EADS7PIDZYMQ33ZREHY","A3SLY0SJLJZ0J1","Submitted","Tue Apr 10 22:48:56 PDT 2018","Tue Apr 10 22:49:21 PDT 2018","Tue Apr 17 22:49:21 PDT 2018","","","","25","0% (0/0)","0% (0/0)","0% (0/0)","https://s3.us-east-2.amazonaws.com/dpm-labeling-project/V14/14_07090.jpg","""excavator""","""excavator"", ""truck""","""non-active"", ""driving"", ""transporting"", ""digging"", ""scraping"", ""pushing"", ""holding w/ chain"", ""drilling"", ""pouring"", ""tearing down"", ""swinging"", ""standing by""","""standing"", ""sitting"", ""walking"", ""bending"", ""leaning"", ""squatting"", ""climbing""","""not working with"", ""guided by"", ""adjusted by"", ""filling""","{""0"":{""left"":340,""top"":107,""width"":300,""height"":149,""label"":""truck"",""label2"":""standing by"",""id"":0},""1"":{""left"":125,""top"":0,""width"":356,""height"":262,""label"":""excavator"",""label2"":""digging"",""id"":1},""relationships"":{""0"":{""1"":""filling""}}}","||filling"
"3UUSLRKAULS93YB2QCB1D8O0YXA7DY","3W8SY8LL7VH56AUEMQUBF07BKZ88K5","Drawing Bounding Box and Finding Relations Between Objects","Drawing bounding box and finding relations between objects in images","bounding box, attribute, relation","$0.03","Tue Apr 10 08:33:29 PDT 2018","1","BatchId:3187975;OriginalHitTemplateId:920937336;","3600","604800","Fri Apr 20 08:33:29 PDT 2018","","","3ERMJ6L4DZHFTCE8T7F6KH6IYYGM7N","A1IOMFFEKCWOIT","Submitted","Tue Apr 10 21:56:08 PDT 2018","Tue Apr 10 21:57:19 PDT 2018","Tue Apr 17 21:57:19 PDT 2018","","","","71","100% (12/12)","100% (12/12)","100% (12/12)","https://s3.us-east-2.amazonaws.com/dpm-labeling-project/V14/14_07140.jpg","""excavator""","""excavator"", ""truck""","""non-active"", ""driving"", ""transporting"", ""digging"", ""scraping"", ""pushing"", ""holding w/ chain"", ""drilling"", ""pouring"", ""tearing down"", ""swinging"", ""standing by""","""standing"", ""sitting"", ""walking"", ""bending"", ""leaning"", ""squatting"", ""climbing""","""not working with"", ""guided by"", ""adjusted by"", ""filling""","{""0"":{""left"":139,""top"":11,""width"":276,""height"":222,""label"":""excavator"",""label2"":""digging"",""id"":0},""1"":{""left"":330,""top"":113,""width"":289,""height"":156,""label"":""truck"",""label2"":""non-active"",""id"":1},""relationships"":{}}","||"
"3O4VWC1GEWV451A7YWUM3P7XYFLJ3J","3W8SY8LL7VH56AUEMQUBF07BKZ88K5","Drawing Bounding Box and Finding Relations Between Objects","Drawing bounding box and finding relations between objects in images","bounding box, attribute, relation","$0.03","Tue Apr 10 08:33:29 PDT 2018","1","BatchId:3187975;OriginalHitTemplateId:920937336;","3600","604800","Fri Apr 20 08:33:29 PDT 2018","","","3KGTPGBS6YARKJMBWXPXF064049U2J","A1A41ASXCSFKDX","Submitted","Wed Apr 11 01:33:43 PDT 2018","Wed Apr 11 01:34:18 PDT 2018","Wed Apr 18 01:34:18 PDT 2018","","","","35","0% (0/0)","0% (0/0)","0% (0/0)","https://s3.us-east-2.amazonaws.com/dpm-labeling-project/V14/14_07410.jpg","""excavator""","""excavator"", ""truck""","""non-active"", ""driving"", ""transporting"", ""digging"", ""scraping"", ""pushing"", ""holding w/ chain"", ""drilling"", ""pouring"", ""tearing down"", ""swinging"", ""standing by""","""standing"", ""sitting"", ""walking"", ""bending"", ""leaning"", ""squatting"", ""climbing""","""not working with"", ""guided by"", ""adjusted by"", ""filling""","{""0"":{""left"":112,""top"":8,""width"":353,""height"":286,""label"":""excavator"",""label2"":""pouring"",""id"":0},""1"":{""left"":304,""top"":130,""width"":336,""height"":159,""label"":""truck"",""label2"":""standing by"",""id"":1},""relationships"":{}}","||"
"3DWNFENNE3KPNXTBYAZ5DUZ3CFHJ44","3W8SY8LL7VH56AUEMQUBF07BKZ88K5","Drawing Bounding Box and Finding Relations Between Objects","Drawing bounding box and finding relations between objects in images","bounding box, attribute, relation","$0.03","Tue Apr 10 08:33:29 PDT 2018","1","BatchId:3187975;OriginalHitTemplateId:920937336;","3600","604800","Fri Apr 20 08:33:29 PDT 2018","","","3SEPORI8WOOXBLBPFZHK2A4HE6ZZAV","A2KJ983WWTEK4L","Submitted","Tue Apr 10 08:55:44 PDT 2018","Tue Apr 10 08:56:12 PDT 2018","Tue Apr 17 08:56:12 PDT 2018","","","","28","0% (0/0)","0% (0/0)","0% (0/0)","https://s3.us-east-2.amazonaws.com/dpm-labeling-project/V14/14_07420.jpg","""excavator""","""excavator"", ""truck""","""non-active"", ""driving"", ""transporting"", ""digging"", ""scraping"", ""pushing"", ""holding w/ chain"", ""drilling"", ""pouring"", ""tearing down"", ""swinging"", ""standing by""","""standing"", ""sitting"", ""walking"", ""bending"", ""leaning"", ""squatting"", ""climbing""","""not working with"", ""guided by"", ""adjusted by"", ""filling""","{""0"":{""left"":150,""top"":3,""width"":262,""height"":261,""label"":""excavator"",""label2"":""digging"",""id"":0},""relationships"":{}}","|"
"39WSF6KUV2ALGAH13T3NUCSGOYLEOO","3W8SY8LL7VH56AUEMQUBF07BKZ88K5","Drawing Bounding Box and Finding Relations Between Objects","Drawing bounding box and finding relations between objects in images","bounding box, attribute, relation","$0.03","Tue Apr 10 08:33:29 PDT 2018","1","BatchId:3187975;OriginalHitTemplateId:920937336;","3600","604800","Fri Apr 20 08:33:29 PDT 2018","","","3VD82FOHKRD95WUGX42US7N1U9XCOW","A1A41ASXCSFKDX","Submitted","Wed Apr 11 00:34:39 PDT 2018","Wed Apr 11 00:35:32 PDT 2018","Wed Apr 18 00:35:32 PDT 2018","","","","53","0% (0/0)","0% (0/0)","0% (0/0)","https://s3.us-east-2.amazonaws.com/dpm-labeling-project/V14/14_07470.jpg","""excavator""","""excavator"", ""truck""","""non-active"", ""driving"", ""transporting"", ""digging"", ""scraping"", ""pushing"", ""holding w/ chain"", ""drilling"", ""pouring"", ""tearing down"", ""swinging"", ""standing by""","""standing"", ""sitting"", ""walking"", ""bending"", ""leaning"", ""squatting"", ""climbing""","""not working with"", ""guided by"", ""adjusted by"", ""filling""","{""0"":{""left"":131,""top"":9,""width"":262,""height"":236,""label"":""excavator"",""label2"":""tearing down"",""id"":0},""2"":{""left"":342,""top"":132,""width"":281,""height"":113,""label"":""truck"",""label2"":""standing by"",""id"":2},""relationships"":{}}","||"
"35O6H0UNLS57JGXBCFIFIM5HCBCJ59","3W8SY8LL7VH56AUEMQUBF07BKZ88K5","Drawing Bounding Box and Finding Relations Between Objects","Drawing bounding box and finding relations between objects in images","bounding box, attribute, relation","$0.03","Tue Apr 10 08:33:29 PDT 2018","1","BatchId:3187975;OriginalHitTemplateId:920937336;","3600","604800","Fri Apr 20 08:33:29 PDT 2018","","","3EG49X351V17JOZ7O4CNPKMKARNX6Q","A3VXSCZ7NP7ZI2","Submitted","Tue Apr 10 23:08:44 PDT 2018","Tue Apr 10 23:09:53 PDT 2018","Tue Apr 17 23:09:53 PDT 2018","","","","69","0% (0/0)","0% (0/0)","0% (0/0)","https://s3.us-east-2.amazonaws.com/dpm-labeling-project/V14/14_07730.jpg","""excavator""","""excavator"", ""truck""","""non-active"", ""driving"", ""transporting"", ""digging"", ""scraping"", ""pushing"", ""holding w/ chain"", ""drilling"", ""pouring"", ""tearing down"", ""swinging"", ""standing by""","""standing"", ""sitting"", ""walking"", ""bending"", ""leaning"", ""squatting"", ""climbing""","""not working with"", ""guided by"", ""adjusted by"", ""filling""","{""0"":{""left"":121,""top"":6,""width"":360,""height"":244,""label"":""excavator"",""label2"":""tearing down"",""id"":0},""relationships"":{}}","|"
"3T2HW4QDUVW3CPTH5DEA7YXO8NMC9F","3W8SY8LL7VH56AUEMQUBF07BKZ88K5","Drawing Bounding Box and Finding Relations Between Objects","Drawing bounding box and finding relations between objects in images","bounding box, attribute, relation","$0.03","Tue Apr 10 08:33:29 PDT 2018","1","BatchId:3187975;OriginalHitTemplateId:920937336;","3600","604800","Fri Apr 20 08:33:29 PDT 2018","","","3A0EX8ZRN9D2P56CPRFXJEFLQVJBYG","A2WNW8A4MOR7T7","Submitted","Tue Apr 10 09:14:40 PDT 2018","Tue Apr 10 09:15:32 PDT 2018","Tue Apr 17 09:15:32 PDT 2018","","","","52","0% (0/0)","0% (0/0)","0% (0/0)","https://s3.us-east-2.amazonaws.com/dpm-labeling-project/V14/14_07740.jpg","""excavator""","""excavator"", ""truck""","""non-active"", ""driving"", ""transporting"", ""digging"", ""scraping"", ""pushing"", ""holding w/ chain"", ""drilling"", ""pouring"", ""tearing down"", ""swinging"", ""standing by""","""standing"", ""sitting"", ""walking"", ""bending"", ""leaning"", ""squatting"", ""climbing""","""not working with"", ""guided by"", ""adjusted by"", ""filling""","{""0"":{""left"":122,""top"":13,""width"":335,""height"":246,""label"":""excavator"",""label2"":""digging"",""id"":0},""1"":{""left"":344,""top"":120,""width"":287,""height"":130,""label"":""truck"",""label2"":""non-active"",""id"":1},""relationships"":{}}","||"
"3XU9MCX6VO1WI7X121PQM6OW2IFR28","3W8SY8LL7VH56AUEMQUBF07BKZ88K5","Drawing Bounding Box and Finding Relations Between Objects","Drawing bounding box and finding relations between objects in images","bounding box, attribute, relation","$0.03","Tue Apr 10 08:33:29 PDT 2018","1","BatchId:3187975;OriginalHitTemplateId:920937336;","3600","604800","Fri Apr 20 08:33:29 PDT 2018","","","3WJEQKOXA9R0GPQH7O8SAGK51V3A16","A1A41ASXCSFKDX","Submitted","Wed Apr 11 01:05:27 PDT 2018","Wed Apr 11 01:05:59 PDT 2018","Wed Apr 18 01:05:59 PDT 2018","","","","32","0% (0/0)","0% (0/0)","0% (0/0)","https://s3.us-east-2.amazonaws.com/dpm-labeling-project/V14/14_07800.jpg","""excavator""","""excavator"", ""truck""","""non-active"", ""driving"", ""transporting"", ""digging"", ""scraping"", ""pushing"", ""holding w/ chain"", ""drilling"", ""pouring"", ""tearing down"", ""swinging"", ""standing by""","""standing"", ""sitting"", ""walking"", ""bending"", ""leaning"", ""squatting"", ""climbing""","""not working with"", ""guided by"", ""adjusted by"", ""filling""","{""0"":{""left"":108,""top"":20,""width"":329,""height"":233,""label"":""excavator"",""label2"":""digging"",""id"":0},""1"":{""left"":384,""top"":125,""width"":252,""height"":129,""label"":""truck"",""label2"":""standing by"",""id"":1},""relationships"":{}}","||"
"37OPIVELUUS8YGE2JB6BEK5ORX9HA8","3W8SY8LL7VH56AUEMQUBF07BKZ88K5","Drawing Bounding Box and Finding Relations Between Objects","Drawing bounding box and finding relations between objects in images","bounding box, attribute, relation","$0.03","Tue Apr 10 08:33:29 PDT 2018","1","BatchId:3187975;OriginalHitTemplateId:920937336;","3600","604800","Fri Apr 20 08:33:29 PDT 2018","","","3EG49X351V17JOZ7O4CNPKMKARGX6J","A1IOMFFEKCWOIT","Submitted","Tue Apr 10 22:01:25 PDT 2018","Tue Apr 10 22:16:08 PDT 2018","Tue Apr 17 22:16:08 PDT 2018","","","","883","100% (12/12)","100% (12/12)","100% (12/12)","https://s3.us-east-2.amazonaws.com/dpm-labeling-project/V14/14_07810.jpg","""excavator""","""excavator"", ""truck""","""non-active"", ""driving"", ""transporting"", ""digging"", ""scraping"", ""pushing"", ""holding w/ chain"", ""drilling"", ""pouring"", ""tearing down"", ""swinging"", ""standing by""","""standing"", ""sitting"", ""walking"", ""bending"", ""leaning"", ""squatting"", ""climbing""","""not working with"", ""guided by"", ""adjusted by"", ""filling""","{""0"":{""left"":109,""top"":0,""width"":324,""height"":257,""label"":""excavator"",""label2"":""digging"",""id"":0},""1"":{""left"":360,""top"":111,""width"":272,""height"":146,""label"":""truck"",""label2"":""non-active"",""id"":1},""relationships"":{}}","||"
"3FTID4TN8LNBGUVVQ2ZP9YG2B5LLYT","3W8SY8LL7VH56AUEMQUBF07BKZ88K5","Drawing Bounding Box and Finding Relations Between Objects","Drawing bounding box and finding relations between objects in images","bounding box, attribute, relation","$0.03","Tue Apr 10 08:33:29 PDT 2018","1","BatchId:3187975;OriginalHitTemplateId:920937336;","3600","604800","Fri Apr 20 08:33:29 PDT 2018","","","33L7PJKHCHNN6L9BC98OKVX53QH8TW","A1IOMFFEKCWOIT","Submitted","Tue Apr 10 21:31:21 PDT 2018","Tue Apr 10 21:32:58 PDT 2018","Tue Apr 17 21:32:58 PDT 2018","","","","97","100% (12/12)","100% (12/12)","100% (12/12)","https://s3.us-east-2.amazonaws.com/dpm-labeling-project/V14/14_08050.jpg","""excavator""","""excavator"", ""truck""","""non-active"", ""driving"", ""transporting"", ""digging"", ""scraping"", ""pushing"", ""holding w/ chain"", ""drilling"", ""pouring"", ""tearing down"", ""swinging"", ""standing by""","""standing"", ""sitting"", ""walking"", ""bending"", ""leaning"", ""squatting"", ""climbing""","""not working with"", ""guided by"", ""adjusted by"", ""filling""","{""0"":{""left"":107,""top"":1,""width"":413,""height"":233,""label"":""excavator"",""label2"":""digging"",""id"":0},""1"":{""left"":355,""top"":102,""width"":268,""height"":154,""label"":""truck"",""label2"":""non-active"",""id"":1},""relationships"":{}}","||"
"3NBFJK3IOH7J0ODS9OTBUFDS1E0OGF","3W8SY8LL7VH56AUEMQUBF07BKZ88K5","Drawing Bounding Box and Finding Relations Between Objects","Drawing bounding box and finding relations between objects in images","bounding box, attribute, relation","$0.03","Tue Apr 10 08:33:29 PDT 2018","1","BatchId:3187975;OriginalHitTemplateId:920937336;","3600","604800","Fri Apr 20 08:33:29 PDT 2018","","","3LRLIPTPERY2MQC3FYEAFVG4A17AKD","A2MPA5OAT635HG","Submitted","Wed Apr 11 03:14:35 PDT 2018","Wed Apr 11 03:17:45 PDT 2018","Wed Apr 18 03:17:45 PDT 2018","","","","190","0% (0/0)","0% (0/0)","0% (0/0)","https://s3.us-east-2.amazonaws.com/dpm-labeling-project/V14/14_08060.jpg","""excavator""","""excavator"", ""truck""","""non-active"", ""driving"", ""transporting"", ""digging"", ""scraping"", ""pushing"", ""holding w/ chain"", ""drilling"", ""pouring"", ""tearing down"", ""swinging"", ""standing by""","""standing"", ""sitting"", ""walking"", ""bending"", ""leaning"", ""squatting"", ""climbing""","""not working with"", ""guided by"", ""adjusted by"", ""filling""","{""0"":{""left"":134,""top"":19,""width"":358,""height"":249,""label"":""excavator"",""label2"":""digging"",""id"":0},""1"":{""left"":327,""top"":110,""width"":311,""height"":141,""label"":""truck"",""label2"":""non-active"",""id"":1},""relationships"":{}}","||"
"37VE3DA4YU6DHQJUPP679VPU9FUHB3","3W8SY8LL7VH56AUEMQUBF07BKZ88K5","Drawing Bounding Box and Finding Relations Between Objects","Drawing bounding box and finding relations between objects in images","bounding box, attribute, relation","$0.03","Tue Apr 10 08:33:29 PDT 2018","1","BatchId:3187975;OriginalHitTemplateId:920937336;","3600","604800","Fri Apr 20 08:33:29 PDT 2018","","","373ERPL3YPXTOQO7BIEOBCSATIARTW","A3SLY0SJLJZ0J1","Submitted","Tue Apr 10 22:20:47 PDT 2018","Tue Apr 10 22:21:32 PDT 2018","Tue Apr 17 22:21:32 PDT 2018","","","","45","0% (0/0)","0% (0/0)","0% (0/0)","https://s3.us-east-2.amazonaws.com/dpm-labeling-project/V14/14_08070.jpg","""excavator""","""excavator"", ""truck""","""non-active"", ""driving"", ""transporting"", ""digging"", ""scraping"", ""pushing"", ""holding w/ chain"", ""drilling"", ""pouring"", ""tearing down"", ""swinging"", ""standing by""","""standing"", ""sitting"", ""walking"", ""bending"", ""leaning"", ""squatting"", ""climbing""","""not working with"", ""guided by"", ""adjusted by"", ""filling""","{""1"":{""left"":138,""top"":12,""width"":320,""height"":265,""label"":""excavator"",""label2"":""digging"",""id"":1},""2"":{""left"":338,""top"":111,""width"":295,""height"":146,""label"":""truck"",""label2"":""standing by"",""id"":2},""relationships"":{""1"":{""2"":""filling""}}}","||filling"
"3EKZL9T8Y8BWRVB03P22KFVCR0UHCA","3W8SY8LL7VH56AUEMQUBF07BKZ88K5","Drawing Bounding Box and Finding Relations Between Objects","Drawing bounding box and finding relations between objects in images","bounding box, attribute, relation","$0.03","Tue Apr 10 08:33:30 PDT 2018","1","BatchId:3187975;OriginalHitTemplateId:920937336;","3600","604800","Fri Apr 20 08:33:30 PDT 2018","","","3UXUOQ9OKFMERB5JW4P1BQBI4H57A2","A148OTWHH689Y7","Submitted","Wed Apr 11 02:03:10 PDT 2018","Wed Apr 11 02:03:58 PDT 2018","Wed Apr 18 02:03:58 PDT 2018","","","","48","0% (0/0)","0% (0/0)","0% (0/0)","https://s3.us-east-2.amazonaws.com/dpm-labeling-project/V14/14_08150.jpg","""excavator""","""excavator"", ""truck""","""non-active"", ""driving"", ""transporting"", ""digging"", ""scraping"", ""pushing"", ""holding w/ chain"", ""drilling"", ""pouring"", ""tearing down"", ""swinging"", ""standing by""","""standing"", ""sitting"", ""walking"", ""bending"", ""leaning"", ""squatting"", ""climbing""","""not working with"", ""guided by"", ""adjusted by"", ""filling""","{""0"":{""left"":82,""top"":3,""width"":335,""height"":263,""label"":""excavator"",""label2"":""digging"",""id"":0},""1"":{""left"":320,""top"":99,""width"":316,""height"":187,""label"":""truck"",""label2"":""holding w/ chain"",""id"":1},""relationships"":{""0"":{""1"":""filling""}}}","||filling"
"3G5RUKN2ECSM3TQ8U3NON9R07R09NU","3W8SY8LL7VH56AUEMQUBF07BKZ88K5","Drawing Bounding Box and Finding Relations Between Objects","Drawing bounding box and finding relations between objects in images","bounding box, attribute, relation","$0.03","Tue Apr 10 08:33:30 PDT 2018","1","BatchId:3187975;OriginalHitTemplateId:920937336;","3600","604800","Fri Apr 20 08:33:30 PDT 2018","","","3YDTZAI2WY5LE0A0YNY1XDY59L114G","A1IOMFFEKCWOIT","Submitted","Tue Apr 10 22:45:25 PDT 2018","Tue Apr 10 22:47:31 PDT 2018","Tue Apr 17 22:47:31 PDT 2018","","","","126","100% (12/12)","100% (12/12)","100% (12/12)","https://s3.us-east-2.amazonaws.com/dpm-labeling-project/V14/14_08390.jpg","""excavator""","""excavator"", ""truck""","""non-active"", ""driving"", ""transporting"", ""digging"", ""scraping"", ""pushing"", ""holding w/ chain"", ""drilling"", ""pouring"", ""tearing down"", ""swinging"", ""standing by""","""standing"", ""sitting"", ""walking"", ""bending"", ""leaning"", ""squatting"", ""climbing""","""not working with"", ""guided by"", ""adjusted by"", ""filling""","{""0"":{""left"":134,""top"":20,""width"":367,""height"":252,""label"":""excavator"",""label2"":""digging"",""id"":0},""1"":{""left"":340,""top"":131,""width"":300,""height"":117,""label"":""truck"",""label2"":""non-active"",""id"":1},""relationships"":{}}","||"
"3LXX8KJXPWY4LEQKVIN12YR5X159O9","3W8SY8LL7VH56AUEMQUBF07BKZ88K5","Drawing Bounding Box and Finding Relations Between Objects","Drawing bounding box and finding relations between objects in images","bounding box, attribute, relation","$0.03","Tue Apr 10 08:33:30 PDT 2018","1","BatchId:3187975;OriginalHitTemplateId:920937336;","3600","604800","Fri Apr 20 08:33:30 PDT 2018","","","3BC8WZX3V4LG8BBF7T9TBXRS5XDRRJ","A1IOMFFEKCWOIT","Submitted","Tue Apr 10 22:20:31 PDT 2018","Tue Apr 10 22:30:06 PDT 2018","Tue Apr 17 22:30:06 PDT 2018","","","","575","100% (12/12)","100% (12/12)","100% (12/12)","https://s3.us-east-2.amazonaws.com/dpm-labeling-project/V14/14_08420.jpg","""excavator""","""excavator"", ""truck""","""non-active"", ""driving"", ""transporting"", ""digging"", ""scraping"", ""pushing"", ""holding w/ chain"", ""drilling"", ""pouring"", ""tearing down"", ""swinging"", ""standing by""","""standing"", ""sitting"", ""walking"", ""bending"", ""leaning"", ""squatting"", ""climbing""","""not working with"", ""guided by"", ""adjusted by"", ""filling""","{""0"":{""left"":107,""top"":7,""width"":321,""height"":277,""label"":""excavator"",""label2"":""driving"",""id"":0},""1"":{""left"":453,""top"":98,""width"":180,""height"":192,""label"":""truck"",""label2"":""standing by"",""id"":1},""relationships"":{}}","||"
